{"assets/animation/arrow-left-liveness.json":["assets/animation/arrow-left-liveness.json"],"assets/animation/arrow-right-liveness.json":["assets/animation/arrow-right-liveness.json"],"assets/animation/check-liveness.json":["assets/animation/check-liveness.json"],"assets/animation/face-liveness.json":["assets/animation/face-liveness.json"],"assets/animation/guide-animation-CCCD.json":["assets/animation/guide-animation-CCCD.json"],"assets/animation/no_internet.json":["assets/animation/no_internet.json"],"assets/animation/scan_card.json":["assets/animation/scan_card.json"],"assets/animation/scan_qr.json":["assets/animation/scan_qr.json"],"assets/animation/searching_glass.json":["assets/animation/searching_glass.json"],"assets/animation/splash_loading.json":["assets/animation/splash_loading.json"],"assets/images/app_icon.png":["assets/images/app_icon.png"],"assets/images/background-mainWidget.png":["assets/images/background-mainWidget.png"],"assets/images/background-signature.png":["assets/images/background-signature.png"],"assets/images/background_bhyt.png":["assets/images/background_bhyt.png"],"assets/images/background_body.png":["assets/images/background_body.png"],"assets/images/background_button.png":["assets/images/background_button.png"],"assets/images/background_button01.png":["assets/images/background_button01.png"],"assets/images/background_cccd.png":["assets/images/background_cccd.png"],"assets/images/background_cccd01.png":["assets/images/background_cccd01.png"],"assets/images/background_cccd02.png":["assets/images/background_cccd02.png"],"assets/images/background_stt.png":["assets/images/background_stt.png"],"assets/images/card_fail.png":["assets/images/card_fail.png"],"assets/images/card_fail02.png":["assets/images/card_fail02.png"],"assets/images/card_fail03.png":["assets/images/card_fail03.png"],"assets/images/cccdBack.png":["assets/images/cccdBack.png"],"assets/images/cccdFront.png":["assets/images/cccdFront.png"],"assets/images/download-app.png":["assets/images/download-app.png"],"assets/images/ekyc-red-circle.png":["assets/images/ekyc-red-circle.png"],"assets/images/empty-clinic.png":["assets/images/empty-clinic.png"],"assets/images/empty_view.png":["assets/images/empty_view.png"],"assets/images/error.jpg":["assets/images/error.jpg"],"assets/images/fail.png":["assets/images/fail.png"],"assets/images/flow_1.png":["assets/images/flow_1.png"],"assets/images/flow_2.png":["assets/images/flow_2.png"],"assets/images/flow_3.png":["assets/images/flow_3.png"],"assets/images/glasses.png":["assets/images/glasses.png"],"assets/images/has-account-ekyc.png":["assets/images/has-account-ekyc.png"],"assets/images/has-no-account-ekyc.png":["assets/images/has-no-account-ekyc.png"],"assets/images/hat.png":["assets/images/hat.png"],"assets/images/header-no-logo.png":["assets/images/header-no-logo.png"],"assets/images/header.png":["assets/images/header.png"],"assets/images/kich-thuoc-man-hinh.png":["assets/images/kich-thuoc-man-hinh.png"],"assets/images/line_bottom.png":["assets/images/line_bottom.png"],"assets/images/maintain.png":["assets/images/maintain.png"],"assets/images/mask.png":["assets/images/mask.png"],"assets/images/my-receipt-empty.png":["assets/images/my-receipt-empty.png"],"assets/images/nha-the.png":["assets/images/nha-the.png"],"assets/images/question.png":["assets/images/question.png"],"assets/images/re-examination02.png":["assets/images/re-examination02.png"],"assets/images/reset-app.png":["assets/images/reset-app.png"],"assets/images/scan_card.png":["assets/images/scan_card.png"],"assets/images/step01.png":["assets/images/step01.png"],"assets/images/step02.png":["assets/images/step02.png"],"assets/images/step03.png":["assets/images/step03.png"],"assets/images/success.png":["assets/images/success.png"],"assets/images/suggestion_tag.png":["assets/images/suggestion_tag.png"],"assets/images/tip-register01.png":["assets/images/tip-register01.png"],"assets/images/tip-register02.png":["assets/images/tip-register02.png"],"assets/images/vneid.png":["assets/images/vneid.png"],"assets/images/wifi.png":["assets/images/wifi.png"],"assets/json/ListCareerAndPosition.json":["assets/json/ListCareerAndPosition.json"],"assets/json/referral_level.json":["assets/json/referral_level.json"],"assets/json/registry_window.json":["assets/json/registry_window.json"],"assets/json/time_print_stt.json":["assets/json/time_print_stt.json"],"assets/json/version_scan_cccd.json":["assets/json/version_scan_cccd.json"],"assets/pdf/dieu-khoan-dieu-kien-ND13-XL-DLCN.pdf":["assets/pdf/dieu-khoan-dieu-kien-ND13-XL-DLCN.pdf"],"assets/pdf/ruleLinkAccount.pdf":["assets/pdf/ruleLinkAccount.pdf"],"assets/popup/400.svg":["assets/popup/400.svg"],"assets/popup/401.svg":["assets/popup/401.svg"],"assets/popup/403.svg":["assets/popup/403.svg"],"assets/popup/404.svg":["assets/popup/404.svg"],"assets/popup/500.svg":["assets/popup/500.svg"],"assets/popup/502.svg":["assets/popup/502.svg"],"assets/popup/error.svg":["assets/popup/error.svg"],"assets/sound/bat-dau-scan.mp3":["assets/sound/bat-dau-scan.mp3"],"assets/sound/doc-huong-dan-khuon-mat.mp3":["assets/sound/doc-huong-dan-khuon-mat.mp3"],"assets/sound/khuon-mat-nhin-thang.mp3":["assets/sound/khuon-mat-nhin-thang.mp3"],"assets/sound/lay-stt-thanh-cong.mp3":["assets/sound/lay-stt-thanh-cong.mp3"],"assets/sound/quet-qr-thanh-toan.mp3":["assets/sound/quet-qr-thanh-toan.mp3"],"assets/sound/thanh-toan-thanh-cong.mp3":["assets/sound/thanh-toan-thanh-cong.mp3"],"assets/sound/vui-long-nhan-the.mp3":["assets/sound/vui-long-nhan-the.mp3"],"assets/sound/xac-thuc-thong-tin.mp3":["assets/sound/xac-thuc-thong-tin.mp3"],"assets/svg/arrow-circle-right.svg":["assets/svg/arrow-circle-right.svg"],"assets/svg/arrow-right-double.svg":["assets/svg/arrow-right-double.svg"],"assets/svg/arrow-right.svg":["assets/svg/arrow-right.svg"],"assets/svg/arrowLeft.svg":["assets/svg/arrowLeft.svg"],"assets/svg/card-pos.svg":["assets/svg/card-pos.svg"],"assets/svg/checkbox-active.svg":["assets/svg/checkbox-active.svg"],"assets/svg/checkbox-inactive.svg":["assets/svg/checkbox-inactive.svg"],"assets/svg/checkbox_career.svg":["assets/svg/checkbox_career.svg"],"assets/svg/convenient.svg":["assets/svg/convenient.svg"],"assets/svg/edit.svg":["assets/svg/edit.svg"],"assets/svg/error-card.svg":["assets/svg/error-card.svg"],"assets/svg/error-circle.svg":["assets/svg/error-circle.svg"],"assets/svg/error-glasses.svg":["assets/svg/error-glasses.svg"],"assets/svg/error-hat.svg":["assets/svg/error-hat.svg"],"assets/svg/error-id.svg":["assets/svg/error-id.svg"],"assets/svg/error-mask.svg":["assets/svg/error-mask.svg"],"assets/svg/exit-circle.svg":["assets/svg/exit-circle.svg"],"assets/svg/exit.svg":["assets/svg/exit.svg"],"assets/svg/eye-off.svg":["assets/svg/eye-off.svg"],"assets/svg/eye-on.svg":["assets/svg/eye-on.svg"],"assets/svg/family.svg":["assets/svg/family.svg"],"assets/svg/female.svg":["assets/svg/female.svg"],"assets/svg/ic_close.svg":["assets/svg/ic_close.svg"],"assets/svg/ic_patient_01.svg":["assets/svg/ic_patient_01.svg"],"assets/svg/ic_patient_02.svg":["assets/svg/ic_patient_02.svg"],"assets/svg/icon-stt-unknown.svg":["assets/svg/icon-stt-unknown.svg"],"assets/svg/identify_user.svg":["assets/svg/identify_user.svg"],"assets/svg/lamp-charge.svg":["assets/svg/lamp-charge.svg"],"assets/svg/link.svg":["assets/svg/link.svg"],"assets/svg/male.svg":["assets/svg/male.svg"],"assets/svg/map-hospital.svg":["assets/svg/map-hospital.svg"],"assets/svg/medical.svg":["assets/svg/medical.svg"],"assets/svg/money-receive.svg":["assets/svg/money-receive.svg"],"assets/svg/money-send.svg":["assets/svg/money-send.svg"],"assets/svg/my_bill.svg":["assets/svg/my_bill.svg"],"assets/svg/printer.svg":["assets/svg/printer.svg"],"assets/svg/qr-scan-gradient.svg":["assets/svg/qr-scan-gradient.svg"],"assets/svg/radio-active.svg":["assets/svg/radio-active.svg"],"assets/svg/radio-inactive.svg":["assets/svg/radio-inactive.svg"],"assets/svg/reExaminationByDoctor.svg":["assets/svg/reExaminationByDoctor.svg"],"assets/svg/scan-barcode-blue.svg":["assets/svg/scan-barcode-blue.svg"],"assets/svg/scan-barcode.svg":["assets/svg/scan-barcode.svg"],"assets/svg/security.svg":["assets/svg/security.svg"],"assets/svg/see_doctor.svg":["assets/svg/see_doctor.svg"],"assets/svg/shield.svg":["assets/svg/shield.svg"],"assets/svg/specialist_0.svg":["assets/svg/specialist_0.svg"],"assets/svg/specialist_1.svg":["assets/svg/specialist_1.svg"],"assets/svg/specialist_2.svg":["assets/svg/specialist_2.svg"],"assets/svg/specialist_3.svg":["assets/svg/specialist_3.svg"],"assets/svg/specialist_4.svg":["assets/svg/specialist_4.svg"],"assets/svg/specialist_5.svg":["assets/svg/specialist_5.svg"],"assets/svg/specialist_6.svg":["assets/svg/specialist_6.svg"],"assets/svg/star.svg":["assets/svg/star.svg"],"assets/svg/stt.svg":["assets/svg/stt.svg"],"assets/svg/taikham.svg":["assets/svg/taikham.svg"],"assets/svg/take-picture.svg":["assets/svg/take-picture.svg"],"assets/svg/time.svg":["assets/svg/time.svg"],"assets/svg/user-add.svg":["assets/svg/user-add.svg"],"assets/svg/user.svg":["assets/svg/user.svg"],"assets/svg/user_cirlce_add.svg":["assets/svg/user_cirlce_add.svg"],"assets/svg/verify.svg":["assets/svg/verify.svg"],"assets/svg/wallet.svg":["assets/svg/wallet.svg"],"assets/svg/wifi.svg":["assets/svg/wifi.svg"],"packages/cupertino_icons/assets/CupertinoIcons.ttf":["packages/cupertino_icons/assets/CupertinoIcons.ttf"],"packages/syncfusion_flutter_pdfviewer/assets/fonts/RobotoMono-Regular.ttf":["packages/syncfusion_flutter_pdfviewer/assets/fonts/RobotoMono-Regular.ttf"],"packages/syncfusion_flutter_pdfviewer/assets/highlight.png":["packages/syncfusion_flutter_pdfviewer/assets/highlight.png"],"packages/syncfusion_flutter_pdfviewer/assets/squiggly.png":["packages/syncfusion_flutter_pdfviewer/assets/squiggly.png"],"packages/syncfusion_flutter_pdfviewer/assets/strikethrough.png":["packages/syncfusion_flutter_pdfviewer/assets/strikethrough.png"],"packages/syncfusion_flutter_pdfviewer/assets/underline.png":["packages/syncfusion_flutter_pdfviewer/assets/underline.png"]}