{"nm":"Comp 1","ddd":0,"h":112,"w":100,"meta":{"g":"@lottiefiles/toolkit-js 0.33.2"},"layers":[{"ty":3,"nm":"deleted_deleted","sr":1,"st":0,"op":251,"ip":0,"hd":false,"ddd":0,"bm":0,"hasMask":false,"ao":0,"ks":{"a":{"a":0,"k":[50,50],"ix":2},"s":{"a":0,"k":[100,100],"ix":2},"sk":{"a":0,"k":0,"ix":2},"p":{"a":0,"k":[50,50],"ix":2},"r":{"a":0,"k":0,"ix":2},"sa":{"a":0,"k":0,"ix":2},"o":{"a":0,"k":100,"ix":2}},"ind":1},{"ty":0,"nm":"Frame 1171275847/Default","sr":1,"st":0,"op":251,"ip":0,"hd":false,"ddd":0,"bm":0,"hasMask":false,"ao":0,"ks":{"a":{"a":0,"k":[0,0],"ix":2},"s":{"a":0,"k":[100,100],"ix":2},"sk":{"a":0,"k":0,"ix":2},"p":{"a":0,"k":[11,21],"ix":2},"r":{"a":0,"k":0,"ix":2},"sa":{"a":0,"k":0,"ix":2},"o":{"a":1,"k":[{"o":{"x":0.167,"y":0.167},"i":{"x":0.833,"y":0.833},"s":[100],"t":0},{"o":{"x":0.42,"y":0},"i":{"x":1,"y":1},"s":[100],"t":50},{"o":{"x":0.167,"y":0.167},"i":{"x":0.833,"y":0.833},"s":[30],"t":125},{"o":{"x":0.167,"y":0.167},"i":{"x":0.833,"y":0.833},"s":[100],"t":200},{"s":[100],"t":249}],"ix":2}},"ef":[],"w":79,"h":70,"refId":"1","ind":2,"parent":1}],"v":"5.7.5","fr":100,"op":250,"ip":0,"assets":[{"nm":"","id":"0","layers":[{"ty":4,"nm":"Rectangle 34624210","sr":1,"st":0,"op":251,"ip":0,"hd":false,"ddd":0,"bm":0,"hasMask":false,"ao":0,"ks":{"a":{"a":0,"k":[0,0],"ix":2},"s":{"a":0,"k":[100,100],"ix":2},"sk":{"a":0,"k":0,"ix":2},"p":{"a":0,"k":[117.638916015625,35.25],"ix":2},"r":{"a":0,"k":0,"ix":2},"sa":{"a":0,"k":0,"ix":2},"o":{"a":0,"k":100,"ix":2}},"ef":[],"shapes":[{"ty":"rc","bm":0,"hd":false,"nm":"","d":1,"p":{"a":0,"k":[0,0],"ix":2},"r":{"a":0,"k":0,"ix":2},"s":{"a":0,"k":[232.27783203125,109.0693359375],"ix":2}},{"ty":"gf","bm":0,"hd":false,"nm":"","e":{"a":0,"k":[55.4296351200901,0],"ix":2},"g":{"p":4,"k":{"a":0,"k":[0.7396971583366394,0.9803921568627451,0.43529411764705883,0.43529411764705883,0.8686053156852722,0.996078431372549,0.8549019607843137,0.5843137254901961,0.9716621041297913,1,0.9411764705882353,0.6431372549019608,1,1,1,1],"ix":2}},"t":1,"a":{"a":0,"k":0},"h":{"a":0,"k":0},"s":{"a":0,"k":[-162.0916559160833,0],"ix":2},"r":1,"o":{"a":0,"k":100,"ix":2}}],"ind":1}]},{"nm":"","id":"1","layers":[{"ty":4,"nm":"right arrow","sr":1,"st":0,"op":251,"ip":0,"hd":false,"ddd":0,"bm":0,"hasMask":false,"td":1,"ao":0,"ks":{"a":{"a":0,"k":[25,20.83333587646484],"ix":2},"s":{"a":0,"k":[100,100],"ix":2},"sk":{"a":0,"k":0,"ix":2},"p":{"a":0,"k":[39,35],"ix":2},"r":{"a":0,"k":180,"ix":2},"sa":{"a":0,"k":0,"ix":2},"o":{"a":0,"k":100,"ix":2}},"ef":[],"shapes":[{"ty":"gr","bm":0,"hd":false,"nm":"Path","it":[{"ty":"sh","bm":0,"hd":false,"nm":"","d":1,"ks":{"a":0,"k":{"c":false,"i":[[0,0],[0,0],[0,0]],"o":[[0,0],[0,0],[0,0]],"v":[[50,41.66667175292969],[29.16666603088379,20.83333587646484],[50,0]]}}},{"ty":"tr","a":{"a":0,"k":[39.58333301544189,20.83333587646484],"ix":2},"s":{"a":0,"k":[100,100],"ix":2},"sk":{"a":0,"k":0,"ix":2},"p":{"a":0,"k":[39.58333206176758,20.83333587646484],"ix":2},"r":{"a":0,"k":180,"ix":2},"sa":{"a":0,"k":0,"ix":2},"o":{"a":0,"k":100,"ix":2}}]},{"ty":"gr","bm":0,"hd":false,"nm":"Path","it":[{"ty":"sh","bm":0,"hd":false,"nm":"","d":1,"ks":{"a":0,"k":{"c":false,"i":[[0,0],[0,0],[0,0]],"o":[[0,0],[0,0],[0,0]],"v":[[20.83333206176758,41.66667175292969],[0,20.83333587646484],[20.83333206176758,0]]}}},{"ty":"tr","a":{"a":0,"k":[10.41666603088379,20.83333587646484],"ix":2},"s":{"a":0,"k":[100,100],"ix":2},"sk":{"a":0,"k":0,"ix":2},"p":{"a":0,"k":[10.41666603088379,20.83333587646484],"ix":2},"r":{"a":0,"k":180,"ix":2},"sa":{"a":0,"k":0,"ix":2},"o":{"a":0,"k":100,"ix":2}}]},{"ty":"st","bm":0,"hd":false,"nm":"","lc":2,"lj":2,"ml":4,"o":{"a":0,"k":100,"ix":2},"w":{"a":0,"k":7,"ix":2},"c":{"a":0,"k":[0.0627,0.0941,0.1569],"ix":2}}],"ind":1},{"ty":0,"nm":"Frame 1171275847/Default","sr":1,"st":0,"op":251,"ip":0,"hd":false,"ddd":0,"bm":0,"tt":1,"hasMask":false,"ao":0,"ks":{"a":{"a":0,"k":[50.5,56],"ix":2},"s":{"a":0,"k":[100,100],"ix":2},"sk":{"a":0,"k":0,"ix":2},"p":{"a":0,"k":[50.5,56],"ix":2},"r":{"a":0,"k":0,"ix":2},"sa":{"a":0,"k":0,"ix":2},"o":{"a":0,"k":100,"ix":2}},"ef":[],"w":79,"h":70,"refId":"0","ind":2}]}]}