{"nm":"Comp 1","ddd":0,"h":112,"w":100,"meta":{"g":"@lottiefiles/toolkit-js 0.33.2"},"layers":[{"ty":3,"nm":"","sr":1,"st":0,"op":251,"ip":0,"hd":false,"ddd":0,"bm":0,"hasMask":false,"ao":0,"ks":{"a":{"a":0,"k":[50,50],"ix":2},"s":{"a":0,"k":[100,100],"ix":2},"sk":{"a":0,"k":0,"ix":2},"p":{"a":0,"k":[50,50],"ix":2},"r":{"a":0,"k":0,"ix":2},"sa":{"a":0,"k":0,"ix":2},"o":{"a":0,"k":100,"ix":2}},"ef":[],"ind":1},{"ty":0,"nm":"Frame 1171275847/Default","sr":1,"st":0,"op":251,"ip":0,"hd":false,"ddd":0,"bm":0,"hasMask":false,"ao":0,"ks":{"a":{"a":0,"k":[0,0],"ix":2},"s":{"a":0,"k":[100,100],"ix":2},"sk":{"a":0,"k":0,"ix":2},"p":{"a":0,"k":[10,21],"ix":2},"r":{"a":0,"k":0,"ix":2},"sa":{"a":0,"k":0,"ix":2},"o":{"a":1,"k":[{"o":{"x":0.167,"y":0.167},"i":{"x":0.833,"y":0.833},"s":[100],"t":0},{"o":{"x":0.167,"y":0.167},"i":{"x":0.833,"y":0.833},"s":[100],"t":50},{"o":{"x":0.167,"y":0.167},"i":{"x":0.833,"y":0.833},"s":[30],"t":125},{"o":{"x":0.167,"y":0.167},"i":{"x":0.833,"y":0.833},"s":[100],"t":200},{"s":[100],"t":249}],"ix":2}},"ef":[],"w":79,"h":70,"refId":"1","ind":2,"parent":1}],"v":"5.7.5","fr":100,"op":250,"ip":0,"assets":[{"nm":"","id":"0","layers":[{"ty":4,"nm":"Rectangle 34624210","sr":1,"st":0,"op":251,"ip":0,"hd":false,"ddd":0,"bm":0,"hasMask":false,"ao":0,"ks":{"a":{"a":0,"k":[0,0],"ix":2},"s":{"a":0,"k":[100,100],"ix":2},"sk":{"a":0,"k":0,"ix":2},"p":{"a":0,"k":[118.638916015625,35.25],"ix":2},"r":{"a":0,"k":0,"ix":2},"sa":{"a":0,"k":0,"ix":2},"o":{"a":0,"k":100,"ix":2}},"ef":[],"shapes":[{"ty":"rc","bm":0,"hd":false,"nm":"","d":1,"p":{"a":0,"k":[0,0],"ix":2},"r":{"a":0,"k":0,"ix":2},"s":{"a":0,"k":[232.27783203125,109.0693359375],"ix":2}},{"ty":"gf","bm":0,"hd":false,"nm":"","e":{"a":0,"k":[55.4296351200901,0],"ix":2},"g":{"p":4,"k":{"a":0,"k":[0.7396971583366394,0.9803921568627451,0.43529411764705883,0.43529411764705883,0.8686053156852722,0.996078431372549,0.8549019607843137,0.5843137254901961,0.9716621041297913,1,0.9411764705882353,0.6431372549019608,1,1,1,1],"ix":2}},"t":1,"a":{"a":0,"k":0},"h":{"a":0,"k":0},"s":{"a":0,"k":[-162.0916559160833,0],"ix":2},"r":1,"o":{"a":0,"k":100,"ix":2}}],"ind":1},{"ty":4,"nm":"left arrow","sr":1,"st":0,"op":251,"ip":0,"hd":false,"ddd":0,"bm":0,"hasMask":false,"ao":0,"ks":{"a":{"a":0,"k":[25,20.83333587646484],"ix":2},"s":{"a":0,"k":[100,100],"ix":2},"sk":{"a":0,"k":0,"ix":2},"p":{"a":0,"k":[40,35],"ix":2},"r":{"a":0,"k":0,"ix":2},"sa":{"a":0,"k":0,"ix":2},"o":{"a":0,"k":100,"ix":2}},"ef":[],"shapes":[{"ty":"gr","bm":0,"hd":false,"nm":"Path","it":[{"ty":"sh","bm":0,"hd":false,"nm":"","d":1,"ks":{"a":0,"k":{"c":false,"i":[[0,0],[0,0],[0,0]],"o":[[0,0],[0,0],[0,0]],"v":[[50,41.66667175292969],[29.16666603088379,20.83333587646484],[50,0]]}}},{"ty":"tr","a":{"a":0,"k":[39.58333301544189,20.83333587646484],"ix":2},"s":{"a":0,"k":[100,100],"ix":2},"sk":{"a":0,"k":0,"ix":2},"p":{"a":0,"k":[39.58333206176758,20.83333587646484],"ix":2},"r":{"a":0,"k":0,"ix":2},"sa":{"a":0,"k":0,"ix":2},"o":{"a":0,"k":100,"ix":2}}]},{"ty":"gr","bm":0,"hd":false,"nm":"Path","it":[{"ty":"sh","bm":0,"hd":false,"nm":"","d":1,"ks":{"a":0,"k":{"c":false,"i":[[0,0],[0,0],[0,0]],"o":[[0,0],[0,0],[0,0]],"v":[[20.83333206176758,41.66667175292969],[0,20.83333587646484],[20.83333206176758,0]]}}},{"ty":"tr","a":{"a":0,"k":[10.41666603088379,20.83333587646484],"ix":2},"s":{"a":0,"k":[100,100],"ix":2},"sk":{"a":0,"k":0,"ix":2},"p":{"a":0,"k":[10.41666603088379,20.83333587646484],"ix":2},"r":{"a":0,"k":0,"ix":2},"sa":{"a":0,"k":0,"ix":2},"o":{"a":0,"k":100,"ix":2}}]},{"ty":"st","bm":0,"hd":false,"nm":"","lc":2,"lj":2,"ml":4,"o":{"a":0,"k":100,"ix":2},"w":{"a":0,"k":7,"ix":2},"c":{"a":0,"k":[0.0627,0.0941,0.1569],"ix":2}}],"ind":2},{"ty":4,"nm":"face","sr":1,"st":0,"op":251,"ip":0,"hd":false,"ddd":0,"bm":0,"hasMask":false,"ao":0,"ks":{"a":{"a":0,"k":[37.49975967407227,37.5],"ix":2},"s":{"a":0,"k":[100,100],"ix":2},"sk":{"a":0,"k":0,"ix":2},"p":{"a":0,"k":[40,35],"ix":2},"r":{"a":0,"k":0,"ix":2},"sa":{"a":0,"k":0,"ix":2},"o":{"a":0,"k":100,"ix":2}},"ef":[],"shapes":[{"ty":"gr","bm":0,"hd":false,"nm":"Path","it":[{"ty":"sh","bm":0,"hd":false,"nm":"","d":1,"ks":{"a":0,"k":{"c":true,"i":[[0,0],[0,-20.7105586735412],[20.71061237362454,0],[0,20.7105586735412],[-20.71061237362454,0]],"o":[[20.71061237362454,0],[0,20.7105586735412],[-20.71061237362454,0],[0,-20.7105586735412],[0,0]],"v":[[37.49988657184181,0],[74.99951934814453,37.49985420254154],[37.49988657184181,75],[0,37.49985420254154],[37.49988657184181,0]]}}},{"ty":"tr","a":{"a":0,"k":[37.49975967407227,37.5],"ix":2},"s":{"a":0,"k":[100,100],"ix":2},"sk":{"a":0,"k":0,"ix":2},"p":{"a":0,"k":[37.49975967407227,37.5],"ix":2},"r":{"a":0,"k":0,"ix":2},"sa":{"a":0,"k":0,"ix":2},"o":{"a":0,"k":100,"ix":2}}]},{"ty":"gr","bm":0,"hd":false,"nm":"Path","it":[{"ty":"sh","bm":0,"hd":false,"nm":"","d":1,"ks":{"a":0,"k":{"c":true,"i":[[0,0],[-17.73981949066892,0],[0,17.73959661335184],[17.73964939365868,0],[0,-17.73976536041024]],"o":[[0,17.73959661335184],[17.73964939365868,0],[0,-17.73976536041024],[-17.73981949066892,0],[0,0]],"v":[[5.379128614610378,37.49985420254154],[37.49988657184181,69.62089996847176],[69.62042009551806,37.49985420254154],[37.49988657184181,5.379089906704746],[5.379128614610378,37.49985420254154]]}}},{"ty":"tr","a":{"a":0,"k":[37.49977435506422,37.49999493758826],"ix":2},"s":{"a":0,"k":[100,100],"ix":2},"sk":{"a":0,"k":0,"ix":2},"p":{"a":0,"k":[37.49977493286133,37.49999618530273],"ix":2},"r":{"a":0,"k":0,"ix":2},"sa":{"a":0,"k":0,"ix":2},"o":{"a":0,"k":100,"ix":2}}]},{"ty":"gr","bm":0,"hd":false,"nm":"Path","it":[{"ty":"sh","bm":0,"hd":false,"nm":"","d":1,"ks":{"a":0,"k":{"c":true,"i":[[0,0],[-5.770019306501282,0],[-3.074410649186448,4.407635366100298],[-1.281924558488228,-0.894516175544028],[0.8946293596500475,-1.282434360229233],[7.698907927803949,0],[4.087946509465234,5.860672411758519],[-1.282434174530807,0.894516175544028],[-0.8945160460167391,-1.282434360229233]],"o":[[3.074410649186448,4.407635366100298],[5.769962607497869,0],[0.8946293596500475,-1.282434360229233],[1.282490789160702,0.894516175544028],[-4.088116268981405,5.860672411758519],[-7.698964626807363,0],[-0.8945160460167391,-1.282434360229233],[1.282434174530807,-0.894516175544028],[0,0]],"v":[[23.55703194266553,47.20618770173598],[37.50062365888618,54.48807416389118],[51.44415597615086,47.20618770173598],[55.38562229776965,46.50384354499933],[56.08830114692121,50.44553723339495],[37.50062365888618,60.15028586021689],[18.91300151987828,50.44553723339495],[19.6153428749619,46.50384354499933],[23.55703194266553,47.20618770173598]]}}},{"ty":"tr","a":{"a":0,"k":[37.50062812212219,53.0724000027633],"ix":2},"s":{"a":0,"k":[100,100],"ix":2},"sk":{"a":0,"k":0,"ix":2},"p":{"a":0,"k":[37.50062942504883,53.0723991394043],"ix":2},"r":{"a":0,"k":0,"ix":2},"sa":{"a":0,"k":0,"ix":2},"o":{"a":0,"k":100,"ix":2}}]},{"ty":"gr","bm":0,"hd":false,"nm":"Path","it":[{"ty":"sh","bm":0,"hd":false,"nm":"","d":1,"ks":{"a":0,"k":{"c":true,"i":[[0,0],[0,2.735810840595427],[-2.736206831228686,0],[0,-2.735867370859991],[2.736263361485065,0]],"o":[[-2.736206831228686,0],[0,-2.735867370859991],[2.736263361485065,0],[0,2.735810840595427],[0,0]],"v":[[25.46836884747128,33.8208875342885],[20.51393568057224,28.86645230000351],[25.46836884747128,23.91201706571851],[30.4228033643466,28.86645230000351],[25.46836884747128,33.8208875342885]]}}},{"ty":"tr","a":{"a":0,"k":[25.46836952245942,28.86645230000351],"ix":2},"s":{"a":0,"k":[100,100],"ix":2},"sk":{"a":0,"k":0,"ix":2},"p":{"a":0,"k":[25.46837043762207,28.86645317077637],"ix":2},"r":{"a":0,"k":0,"ix":2},"sa":{"a":0,"k":0,"ix":2},"o":{"a":0,"k":100,"ix":2}}]},{"ty":"gr","bm":0,"hd":false,"nm":"Path","it":[{"ty":"sh","bm":0,"hd":false,"nm":"","d":1,"ks":{"a":0,"k":{"c":true,"i":[[0,0],[2.736376590744856,0],[0,2.735810840595427],[-2.736206831228686,0],[0,-2.735867370859991]],"o":[[0,2.735810840595427],[-2.736206831228686,0],[0,-2.735867370859991],[2.736376590744856,0],[0,0]],"v":[[54.48702949215932,28.86645230000351],[49.5327623723417,33.8208875342885],[44.57832785546638,28.86645230000351],[49.5327623723417,23.91201706571851],[54.48702949215932,28.86645230000351]]}}},{"ty":"tr","a":{"a":0,"k":[49.53267867381285,28.86645230000351],"ix":2},"s":{"a":0,"k":[100,100],"ix":2},"sk":{"a":0,"k":0,"ix":2},"p":{"a":0,"k":[49.53268051147461,28.86645317077637],"ix":2},"r":{"a":0,"k":0,"ix":2},"sa":{"a":0,"k":0,"ix":2},"o":{"a":0,"k":100,"ix":2}}]},{"ty":"fl","bm":0,"hd":false,"nm":"","c":{"a":0,"k":[0.0078,0.0235,0.0902],"ix":2},"r":1,"o":{"a":0,"k":100,"ix":2}}],"ind":3},{"ty":4,"nm":"right arrow - box","sr":1,"st":0,"op":251,"ip":0,"hd":false,"ddd":0,"bm":0,"hasMask":false,"ao":0,"ks":{"a":{"a":0,"k":[0,0],"ix":2},"s":{"a":0,"k":[100,100],"ix":2},"sk":{"a":0,"k":0,"ix":2},"p":{"a":0,"k":[-10,-21],"ix":2},"r":{"a":0,"k":0,"ix":2},"sa":{"a":0,"k":0,"ix":2},"o":{"a":0,"k":100,"ix":2}},"ef":[],"shapes":[{"ty":"rc","bm":0,"hd":false,"nm":"","d":1,"p":{"a":0,"k":[49.5,56],"ix":2},"r":{"a":0,"k":0,"ix":2},"s":{"a":0,"k":[79,70],"ix":2}},{"ty":"fl","bm":0,"hd":false,"nm":"","c":{"a":0,"k":[0,0,0],"ix":2},"r":1,"o":{"a":0,"k":0,"ix":2}}],"ind":4}]},{"nm":"","id":"1","layers":[{"ty":4,"nm":"right arrow","sr":1,"st":0,"op":251,"ip":0,"hd":false,"ddd":0,"bm":0,"hasMask":false,"td":1,"ao":0,"ks":{"a":{"a":0,"k":[25,20.83333587646484],"ix":2},"s":{"a":0,"k":[100,100],"ix":2},"sk":{"a":0,"k":0,"ix":2},"p":{"a":0,"k":[40,35],"ix":2},"r":{"a":0,"k":0,"ix":2},"sa":{"a":0,"k":0,"ix":2},"o":{"a":0,"k":100,"ix":2}},"ef":[],"shapes":[{"ty":"gr","bm":0,"hd":false,"nm":"Path","it":[{"ty":"sh","bm":0,"hd":false,"nm":"","d":1,"ks":{"a":0,"k":{"c":false,"i":[[0,0],[0,0],[0,0]],"o":[[0,0],[0,0],[0,0]],"v":[[50,41.66667175292969],[29.16666603088379,20.83333587646484],[50,0]]}}},{"ty":"tr","a":{"a":0,"k":[39.58333301544189,20.83333587646484],"ix":2},"s":{"a":0,"k":[100,100],"ix":2},"sk":{"a":0,"k":0,"ix":2},"p":{"a":0,"k":[39.58333206176758,20.83333587646484],"ix":2},"r":{"a":0,"k":180,"ix":2},"sa":{"a":0,"k":0,"ix":2},"o":{"a":0,"k":100,"ix":2}}]},{"ty":"gr","bm":0,"hd":false,"nm":"Path","it":[{"ty":"sh","bm":0,"hd":false,"nm":"","d":1,"ks":{"a":0,"k":{"c":false,"i":[[0,0],[0,0],[0,0]],"o":[[0,0],[0,0],[0,0]],"v":[[20.83333206176758,41.66667175292969],[0,20.83333587646484],[20.83333206176758,0]]}}},{"ty":"tr","a":{"a":0,"k":[10.41666603088379,20.83333587646484],"ix":2},"s":{"a":0,"k":[100,100],"ix":2},"sk":{"a":0,"k":0,"ix":2},"p":{"a":0,"k":[10.41666603088379,20.83333587646484],"ix":2},"r":{"a":0,"k":180,"ix":2},"sa":{"a":0,"k":0,"ix":2},"o":{"a":0,"k":100,"ix":2}}]},{"ty":"st","bm":0,"hd":false,"nm":"","lc":2,"lj":2,"ml":4,"o":{"a":0,"k":100,"ix":2},"w":{"a":0,"k":7,"ix":2},"c":{"a":0,"k":[0.0627,0.0941,0.1569],"ix":2}}],"ind":1},{"ty":0,"nm":"Frame 1171275847/Default","sr":1,"st":0,"op":251,"ip":0,"hd":false,"ddd":0,"bm":0,"tt":1,"hasMask":false,"ao":0,"ks":{"a":{"a":0,"k":[49.5,56],"ix":2},"s":{"a":0,"k":[100,100],"ix":2},"sk":{"a":0,"k":0,"ix":2},"p":{"a":0,"k":[49.5,56],"ix":2},"r":{"a":0,"k":0,"ix":2},"sa":{"a":0,"k":0,"ix":2},"o":{"a":0,"k":100,"ix":2}},"ef":[],"w":79,"h":70,"refId":"0","ind":2}]}]}