{"nm":"Comp 1","ddd":0,"h":116,"w":100,"meta":{"g":"@lottiefiles/toolkit-js 0.33.2"},"layers":[{"ty":4,"nm":"Vector","sr":1,"st":0,"op":151,"ip":0,"hd":false,"ddd":0,"bm":0,"hasMask":false,"ao":0,"ks":{"a":{"a":0,"k":[43.19873046875,43.19873046875],"ix":2},"s":{"a":0,"k":[100,100],"ix":2},"sk":{"a":0,"k":0,"ix":2},"p":{"a":0,"k":[50,50],"ix":2},"r":{"a":0,"k":0,"ix":2},"sa":{"a":0,"k":0,"ix":2},"o":{"a":0,"k":100,"ix":2}},"ef":[],"shapes":[{"ty":"gr","bm":0,"hd":false,"nm":"Free paths","it":[{"ty":"sh","bm":0,"hd":false,"nm":"","d":1,"ks":{"a":0,"k":{"c":false,"i":[[0,0],[14.734315872192383,0],[0,-23.857999801635742],[-23.857999801635742,0],[0,23.857999801635742]],"o":[[-7.796749591827393,-11.261785507202148],[-23.857999801635742,0],[0,23.857999801635742],[23.857999801635742,0],[0,0]],"v":[[78.50820922851562,18.305374145507812],[43.19873046875,0],[0,43.19873046875],[43.19873046875,86.3974609375],[86.3974609375,43.19873046875]]}}},{"ty":"st","bm":0,"hd":false,"nm":"","lc":2,"lj":1,"ml":4,"o":{"a":0,"k":100,"ix":2},"w":{"a":0,"k":8,"ix":2},"c":{"a":0,"k":[0.0118,0.5961,0.3333],"ix":2}},{"ty":"tm","bm":0,"hd":false,"nm":"","e":{"a":0,"k":0,"ix":2},"o":{"a":0,"k":0,"ix":2},"s":{"a":1,"k":[{"o":{"x":0.42,"y":0},"i":{"x":1,"y":1},"s":[0],"t":39},{"s":[100],"t":120}],"ix":2},"m":1},{"ty":"tr","a":{"a":0,"k":[43.19873046875,43.19873046875],"ix":2},"s":{"a":0,"k":[100,100],"ix":2},"sk":{"a":0,"k":0,"ix":2},"p":{"a":0,"k":[43.19873046875,43.19873046875],"ix":2},"r":{"a":0,"k":0,"ix":2},"sa":{"a":0,"k":0,"ix":2},"o":{"a":0,"k":100,"ix":2}}]},{"ty":"gr","bm":0,"hd":false,"nm":"Outlines","it":[{"ty":"sh","bm":0,"hd":false,"nm":"","d":1,"ks":{"a":0,"k":{"c":false,"i":[[0,0],[0,0],[0,0]],"o":[[0,0],[0,0],[0,0]],"v":[[78.50820922851562,18.305374145507812],[43.19873046875,59.95075607299805],[22.365392684936523,39.1174201965332]]}}},{"ty":"st","bm":0,"hd":false,"nm":"","lc":2,"lj":2,"ml":4,"o":{"a":0,"k":100,"ix":2},"w":{"a":0,"k":8,"ix":2},"c":{"a":0,"k":[0.0118,0.5961,0.3333],"ix":2}},{"ty":"tm","bm":0,"hd":false,"nm":"","e":{"a":0,"k":100,"ix":2},"o":{"a":0,"k":0,"ix":2},"s":{"a":1,"k":[{"o":{"x":0.4,"y":0},"i":{"x":0.8,"y":1},"s":[100],"t":0},{"s":[0],"t":40}],"ix":2},"m":1},{"ty":"tr","a":{"a":0,"k":[50.436800956726074,39.12806510925293],"ix":2},"s":{"a":0,"k":[100,100],"ix":2},"sk":{"a":0,"k":0,"ix":2},"p":{"a":0,"k":[50.43680191040039,39.12806701660156],"ix":2},"r":{"a":0,"k":0,"ix":2},"sa":{"a":0,"k":0,"ix":2},"o":{"a":0,"k":100,"ix":2}}]}],"ind":1}],"v":"5.7.5","fr":100,"op":150,"ip":0,"assets":[]}