{"v":"5.7.5","fr":100,"ip":0,"op":824.1574908241572,"w":800,"h":800,"nm":"Comp 1","ddd":0,"assets":[{"id":"0","layers":[{"ddd":0,"refId":"1","w":20000,"h":20000,"ind":1,"ty":0,"nm":"Shape Layer 5","sr":1,"ks":{"p":{"a":1,"k":[{"t":0,"s":[10400.5,10224.5],"i":{"x":[0.16],"y":[1]},"o":{"x":[0.84],"y":[0]},"ti":[0,0],"to":[0,56]},{"t":204,"s":[10400.5,10560.5],"i":{"x":[0.16],"y":[1]},"o":{"x":[0.167],"y":[0]},"ti":[0,-3],"to":[0,0]},{"t":207,"s":[10400.5,10224.5],"i":{"x":[0.16],"y":[1]},"o":{"x":[0.84],"y":[0]},"ti":[0,0],"to":[0,3]},{"t":404,"s":[10400.5,10578.5],"i":{"x":[0.16],"y":[1]},"o":{"x":[0.167],"y":[0]},"ti":[0,3],"to":[0,0]},{"t":407,"s":[10400.5,10224.5],"i":{"x":[0.16],"y":[1]},"o":{"x":[0.84],"y":[0]},"ti":[0,0],"to":[0,-3]},{"t":611,"s":[10400.5,10560.5],"i":{"x":[0.16],"y":[1]},"o":{"x":[0.167],"y":[0]},"ti":[0,-3],"to":[0,0]},{"t":614,"s":[10400.5,10224.5],"i":{"x":[0.16],"y":[1]},"o":{"x":[0.84],"y":[0]},"ti":[0,-59],"to":[0,3]},{"t":811,"s":[10400.5,10578.5],"i":{"x":[0.75],"y":[0.75]},"o":{"x":[0.25],"y":[0.25]}}],"ix":2},"a":{"a":0,"k":[10009.5,9873],"ix":2},"s":{"a":0,"k":[100,100],"ix":2},"r":{"a":0,"k":0,"ix":2},"o":{"a":1,"k":[{"t":200,"s":[100],"i":{"x":[0.75],"y":[0.75]},"o":{"x":[0.25],"y":[0.25]}},{"t":204,"s":[0],"i":{"x":[0.75],"y":[0.75]},"o":{"x":[0.25],"y":[0.25]}},{"t":207,"s":[0],"i":{"x":[0.75],"y":[0.75]},"o":{"x":[0.25],"y":[0.25]}},{"t":210,"s":[100],"i":{"x":[0.75],"y":[0.75]},"o":{"x":[0.25],"y":[0.25]}},{"t":400,"s":[100],"i":{"x":[0.75],"y":[0.75]},"o":{"x":[0.25],"y":[0.25]}},{"t":404,"s":[0],"i":{"x":[0.75],"y":[0.75]},"o":{"x":[0.25],"y":[0.25]}},{"t":407,"s":[0],"i":{"x":[0.75],"y":[0.75]},"o":{"x":[0.25],"y":[0.25]}},{"t":410,"s":[100],"i":{"x":[0.75],"y":[0.75]},"o":{"x":[0.25],"y":[0.25]}},{"t":607,"s":[100],"i":{"x":[0.75],"y":[0.75]},"o":{"x":[0.25],"y":[0.25]}},{"t":611,"s":[0],"i":{"x":[0.75],"y":[0.75]},"o":{"x":[0.25],"y":[0.25]}},{"t":614,"s":[0],"i":{"x":[0.75],"y":[0.75]},"o":{"x":[0.25],"y":[0.25]}},{"t":617,"s":[100],"i":{"x":[0.75],"y":[0.75]},"o":{"x":[0.25],"y":[0.25]}},{"t":807,"s":[100],"i":{"x":[0.75],"y":[0.75]},"o":{"x":[0.25],"y":[0.25]}},{"t":811,"s":[0],"i":{"x":[0.75],"y":[0.75]},"o":{"x":[0.25],"y":[0.25]}},{"t":814,"s":[0],"i":{"x":[0.75],"y":[0.75]},"o":{"x":[0.25],"y":[0.25]}},{"t":817,"s":[100],"i":{"x":[0.75],"y":[0.75]},"o":{"x":[0.25],"y":[0.25]}}],"ix":2}},"ao":0,"ip":0,"op":825.1574908241572,"st":0,"bm":0}]},{"id":"2","layers":[{"ddd":0,"refId":"3","w":20000,"h":20000,"ind":2,"ty":0,"nm":"Layer 3 Outlines 2","sr":1,"ks":{"p":{"a":0,"k":[10000,10000],"ix":2},"a":{"a":0,"k":[10000,10000],"ix":2},"s":{"a":0,"k":[100,100],"ix":2},"r":{"a":0,"k":0,"ix":2},"o":{"a":0,"k":100,"ix":2}},"ao":0,"ip":0,"op":825.1574908241572,"st":0,"bm":0,"td":1},{"ddd":0,"refId":"0","w":20000,"h":20000,"ind":2,"ty":0,"nm":"Shape Layer 5","sr":1,"ks":{"p":{"a":0,"k":[10000,10000],"ix":2},"a":{"a":0,"k":[10000,10000],"ix":2},"s":{"a":0,"k":[100,100],"ix":2},"r":{"a":0,"k":0,"ix":2},"o":{"a":0,"k":100,"ix":2}},"ao":0,"ip":0,"op":825.1574908241572,"st":0,"bm":0,"tt":1}]},{"id":"3","layers":[{"ddd":0,"ind":3,"ty":3,"nm":"Layer 3 Outlines 2","sr":1,"ks":{"p":{"a":0,"k":[10400.069,10399.871],"ix":2},"a":{"a":0,"k":[133.896,133.896],"ix":2},"s":{"a":0,"k":[100,100],"ix":2},"r":{"a":0,"k":0,"ix":2},"o":{"a":0,"k":100,"ix":2}},"ao":0,"ip":0,"op":825.1574908241572,"st":0,"bm":0},{"ddd":0,"ind":4,"ty":4,"nm":"Shape Layer 1","sr":1,"ks":{"p":{"a":0,"k":[0,0],"ix":2},"a":{"a":0,"k":[0,0],"ix":2},"s":{"a":0,"k":[100,100],"ix":2},"r":{"a":0,"k":0,"ix":2},"o":{"a":0,"k":100,"ix":2}},"ao":0,"parent":3,"shapes":[{"ty":"gr","it":[{"ty":"rc","d":1,"s":{"a":0,"k":[800.0000110502124,800.0000427534419],"ix":2},"p":{"a":0,"k":[0,0],"ix":2},"r":{"a":0,"k":0,"ix":2}},{"ty":"fl","c":{"a":0,"k":[1,0.8392156862745098,0.25098039215686274],"ix":2},"o":{"a":0,"k":100,"ix":2},"r":1,"bm":0},{"ty":"tm","s":{"a":0,"k":0,"ix":2},"e":{"a":0,"k":100,"ix":2},"o":{"a":0,"k":0,"ix":2},"m":1},{"ty":"tr","p":{"a":0,"k":[133.8950042724609,133.8959808349609],"ix":2},"a":{"a":0,"k":[0,0],"ix":2},"s":{"a":0,"k":[31.780406832695007,31.780406832695007],"ix":2},"r":{"a":0,"k":0,"ix":2},"o":{"a":0,"k":100,"ix":2},"sk":{"a":0,"k":0,"ix":2},"sa":{"a":0,"k":0,"ix":2}}]}],"ip":0,"op":825.1574908241572,"st":0,"bm":0}]},{"id":"1","layers":[{"ddd":0,"ind":5,"ty":4,"nm":"Rectangle 1","sr":1,"ks":{"p":{"a":0,"k":[10000,10000],"ix":2},"a":{"a":0,"k":[0,0],"ix":2},"s":{"a":0,"k":[100,100],"ix":2},"r":{"a":0,"k":0,"ix":2},"o":{"a":0,"k":100,"ix":2}},"ao":0,"shapes":[{"ty":"gr","it":[{"ty":"rc","d":1,"s":{"a":0,"k":[314,84],"ix":2},"p":{"a":0,"k":[0,0],"ix":2},"r":{"a":0,"k":0,"ix":2}},{"ty":"st","c":{"a":0,"k":[1,0.8235294117647058,0],"ix":2},"o":{"a":0,"k":0,"ix":2},"w":{"a":0,"k":5,"ix":2},"lc":1,"lj":1},{"ty":"gf","o":{"a":0,"k":100,"ix":2},"r":1,"bm":0,"g":{"p":4,"k":{"a":0,"k":[0,0,0.9803921568627451,0.7137254901960784,0.403,0,0.9882352941176471,0.6627450980392157,0.5,0,0.9882352941176471,0.6509803921568628,1,0,1,0.5882352941176471,0,1,0.403,0.5,0.5,0.4187604690117253,1,0],"ix":2}},"s":{"a":0,"k":[0.5,41.5],"ix":2},"e":{"a":0,"k":[0.5,-36],"ix":2},"t":1},{"ty":"tm","s":{"a":0,"k":0,"ix":2},"e":{"a":0,"k":100,"ix":2},"o":{"a":0,"k":0,"ix":2},"m":1},{"ty":"tr","p":{"a":0,"k":[9.5,-127],"ix":2},"a":{"a":0,"k":[0,0],"ix":2},"s":{"a":0,"k":[100,100],"ix":2},"r":{"a":0,"k":0,"ix":2},"o":{"a":0,"k":100,"ix":2},"sk":{"a":0,"k":0,"ix":2},"sa":{"a":0,"k":0,"ix":2}}]}],"ip":0,"op":825.1574908241572,"st":0,"bm":0}]}],"layers":[{"ddd":0,"refId":"2","w":20000,"h":20000,"ind":2,"ty":0,"nm":"Shape Layer 5","sr":1,"ks":{"p":{"a":0,"k":[-858.8511532198099,-858.2311973877186],"ix":2},"a":{"a":0,"k":[10000,10000],"ix":2},"s":{"a":0,"k":[314.6592875902925,314.6592875902925],"ix":2},"r":{"a":0,"k":0,"ix":2},"o":{"a":0,"k":100,"ix":2}},"ao":0,"ip":0,"op":825.1574908241572,"st":0,"bm":0}],"markers":[]}