{"nm":"Comp 1","ddd":0,"h":400,"w":400,"meta":{"g":"@lottiefiles/toolkit-js 0.26.1"},"layers":[{"ty":4,"nm":"Shape Layer 18","sr":1,"st":60,"op":121,"ip":60,"hd":false,"ddd":0,"bm":0,"hasMask":false,"ao":0,"ks":{"a":{"a":0,"k":[0,0,0],"ix":1},"s":{"a":0,"k":[100,100,100],"ix":6},"sk":{"a":0,"k":0},"p":{"a":0,"k":[200.063,200,0],"ix":2},"r":{"a":0,"k":0,"ix":10},"sa":{"a":0,"k":0},"o":{"a":0,"k":80,"ix":11}},"ef":[],"shapes":[{"ty":"gr","bm":0,"hd":false,"mn":"ADBE Vector Group","nm":"Ellipse 1","ix":1,"cix":2,"np":2,"it":[{"ty":"el","bm":0,"hd":false,"mn":"ADBE Vector Shape - Ellipse","nm":"Ellipse Path 1","d":1,"p":{"a":0,"k":[0,0],"ix":3},"s":{"a":1,"k":[{"o":{"x":0.167,"y":0},"i":{"x":0.667,"y":1},"s":[50,50],"t":60},{"s":[400,400],"t":120}],"ix":2}},{"ty":"st","bm":0,"hd":false,"mn":"ADBE Vector Graphic - Stroke","nm":"Stroke 1","lc":1,"lj":1,"ml":4,"o":{"a":1,"k":[{"o":{"x":0.167,"y":0},"i":{"x":0.833,"y":1},"s":[0],"t":60},{"o":{"x":0.333,"y":0},"i":{"x":0.667,"y":1},"s":[100],"t":90},{"s":[0],"t":120}],"ix":4},"w":{"a":1,"k":[{"o":{"x":0.167,"y":0},"i":{"x":0.833,"y":1},"s":[0],"t":60},{"o":{"x":0.333,"y":0},"i":{"x":0.667,"y":1},"s":[3],"t":90},{"s":[0],"t":120}],"ix":5},"c":{"a":0,"k":[0.3608,0.3451,0.3451],"ix":3}},{"ty":"tr","a":{"a":0,"k":[0,0],"ix":1},"s":{"a":0,"k":[100,100],"ix":3},"sk":{"a":0,"k":0,"ix":4},"p":{"a":0,"k":[0,0],"ix":2},"r":{"a":0,"k":0,"ix":6},"sa":{"a":0,"k":0,"ix":5},"o":{"a":0,"k":100,"ix":7}}]}],"ind":1},{"ty":4,"nm":"Shape Layer 17","sr":1,"st":50,"op":111,"ip":50,"hd":false,"ddd":0,"bm":0,"hasMask":false,"ao":0,"ks":{"a":{"a":0,"k":[0,0,0],"ix":1},"s":{"a":0,"k":[100,100,100],"ix":6},"sk":{"a":0,"k":0},"p":{"a":0,"k":[200.063,200,0],"ix":2},"r":{"a":0,"k":0,"ix":10},"sa":{"a":0,"k":0},"o":{"a":0,"k":80,"ix":11}},"ef":[],"shapes":[{"ty":"gr","bm":0,"hd":false,"mn":"ADBE Vector Group","nm":"Ellipse 1","ix":1,"cix":2,"np":2,"it":[{"ty":"el","bm":0,"hd":false,"mn":"ADBE Vector Shape - Ellipse","nm":"Ellipse Path 1","d":1,"p":{"a":0,"k":[0,0],"ix":3},"s":{"a":1,"k":[{"o":{"x":0.167,"y":0},"i":{"x":0.667,"y":1},"s":[50,50],"t":50},{"s":[400,400],"t":110}],"ix":2}},{"ty":"st","bm":0,"hd":false,"mn":"ADBE Vector Graphic - Stroke","nm":"Stroke 1","lc":1,"lj":1,"ml":4,"o":{"a":1,"k":[{"o":{"x":0.167,"y":0},"i":{"x":0.833,"y":1},"s":[0],"t":50},{"o":{"x":0.333,"y":0},"i":{"x":0.667,"y":1},"s":[100],"t":80},{"s":[0],"t":110}],"ix":4},"w":{"a":1,"k":[{"o":{"x":0.167,"y":0},"i":{"x":0.833,"y":1},"s":[0],"t":50},{"o":{"x":0.333,"y":0},"i":{"x":0.667,"y":1},"s":[3],"t":80},{"s":[0],"t":110}],"ix":5},"c":{"a":0,"k":[0.3608,0.3451,0.3451],"ix":3}},{"ty":"tr","a":{"a":0,"k":[0,0],"ix":1},"s":{"a":0,"k":[100,100],"ix":3},"sk":{"a":0,"k":0,"ix":4},"p":{"a":0,"k":[0,0],"ix":2},"r":{"a":0,"k":0,"ix":6},"sa":{"a":0,"k":0,"ix":5},"o":{"a":0,"k":100,"ix":7}}]}],"ind":2},{"ty":4,"nm":"Shape Layer 16","sr":1,"st":40,"op":101,"ip":40,"hd":false,"ddd":0,"bm":0,"hasMask":false,"ao":0,"ks":{"a":{"a":0,"k":[0,0,0],"ix":1},"s":{"a":0,"k":[100,100,100],"ix":6},"sk":{"a":0,"k":0},"p":{"a":0,"k":[200.063,200,0],"ix":2},"r":{"a":0,"k":0,"ix":10},"sa":{"a":0,"k":0},"o":{"a":0,"k":80,"ix":11}},"ef":[],"shapes":[{"ty":"gr","bm":0,"hd":false,"mn":"ADBE Vector Group","nm":"Ellipse 1","ix":1,"cix":2,"np":2,"it":[{"ty":"el","bm":0,"hd":false,"mn":"ADBE Vector Shape - Ellipse","nm":"Ellipse Path 1","d":1,"p":{"a":0,"k":[0,0],"ix":3},"s":{"a":1,"k":[{"o":{"x":0.167,"y":0},"i":{"x":0.667,"y":1},"s":[50,50],"t":40},{"s":[400,400],"t":100}],"ix":2}},{"ty":"st","bm":0,"hd":false,"mn":"ADBE Vector Graphic - Stroke","nm":"Stroke 1","lc":1,"lj":1,"ml":4,"o":{"a":1,"k":[{"o":{"x":0.167,"y":0},"i":{"x":0.833,"y":1},"s":[0],"t":40},{"o":{"x":0.333,"y":0},"i":{"x":0.667,"y":1},"s":[100],"t":70},{"s":[0],"t":100}],"ix":4},"w":{"a":1,"k":[{"o":{"x":0.167,"y":0},"i":{"x":0.833,"y":1},"s":[0],"t":40},{"o":{"x":0.333,"y":0},"i":{"x":0.667,"y":1},"s":[3],"t":70},{"s":[0],"t":100}],"ix":5},"c":{"a":0,"k":[0.3608,0.3451,0.3451],"ix":3}},{"ty":"tr","a":{"a":0,"k":[0,0],"ix":1},"s":{"a":0,"k":[100,100],"ix":3},"sk":{"a":0,"k":0,"ix":4},"p":{"a":0,"k":[0,0],"ix":2},"r":{"a":0,"k":0,"ix":6},"sa":{"a":0,"k":0,"ix":5},"o":{"a":0,"k":100,"ix":7}}]}],"ind":3},{"ty":4,"nm":"Shape Layer 15","sr":1,"st":30,"op":91,"ip":30,"hd":false,"ddd":0,"bm":0,"hasMask":false,"ao":0,"ks":{"a":{"a":0,"k":[0,0,0],"ix":1},"s":{"a":0,"k":[100,100,100],"ix":6},"sk":{"a":0,"k":0},"p":{"a":0,"k":[200.063,200,0],"ix":2},"r":{"a":0,"k":0,"ix":10},"sa":{"a":0,"k":0},"o":{"a":0,"k":80,"ix":11}},"ef":[],"shapes":[{"ty":"gr","bm":0,"hd":false,"mn":"ADBE Vector Group","nm":"Ellipse 1","ix":1,"cix":2,"np":2,"it":[{"ty":"el","bm":0,"hd":false,"mn":"ADBE Vector Shape - Ellipse","nm":"Ellipse Path 1","d":1,"p":{"a":0,"k":[0,0],"ix":3},"s":{"a":1,"k":[{"o":{"x":0.167,"y":0},"i":{"x":0.667,"y":1},"s":[50,50],"t":30},{"s":[400,400],"t":90}],"ix":2}},{"ty":"st","bm":0,"hd":false,"mn":"ADBE Vector Graphic - Stroke","nm":"Stroke 1","lc":1,"lj":1,"ml":4,"o":{"a":1,"k":[{"o":{"x":0.167,"y":0},"i":{"x":0.833,"y":1},"s":[0],"t":30},{"o":{"x":0.333,"y":0},"i":{"x":0.667,"y":1},"s":[100],"t":60},{"s":[0],"t":90}],"ix":4},"w":{"a":1,"k":[{"o":{"x":0.167,"y":0},"i":{"x":0.833,"y":1},"s":[0],"t":30},{"o":{"x":0.333,"y":0},"i":{"x":0.667,"y":1},"s":[3],"t":60},{"s":[0],"t":90}],"ix":5},"c":{"a":0,"k":[0.3608,0.3451,0.3451],"ix":3}},{"ty":"tr","a":{"a":0,"k":[0,0],"ix":1},"s":{"a":0,"k":[100,100],"ix":3},"sk":{"a":0,"k":0,"ix":4},"p":{"a":0,"k":[0,0],"ix":2},"r":{"a":0,"k":0,"ix":6},"sa":{"a":0,"k":0,"ix":5},"o":{"a":0,"k":100,"ix":7}}]}],"ind":4},{"ty":4,"nm":"Shape Layer 14","sr":1,"st":20,"op":81,"ip":20,"hd":false,"ddd":0,"bm":0,"hasMask":false,"ao":0,"ks":{"a":{"a":0,"k":[0,0,0],"ix":1},"s":{"a":0,"k":[100,100,100],"ix":6},"sk":{"a":0,"k":0},"p":{"a":0,"k":[200.063,200,0],"ix":2},"r":{"a":0,"k":0,"ix":10},"sa":{"a":0,"k":0},"o":{"a":0,"k":80,"ix":11}},"ef":[],"shapes":[{"ty":"gr","bm":0,"hd":false,"mn":"ADBE Vector Group","nm":"Ellipse 1","ix":1,"cix":2,"np":2,"it":[{"ty":"el","bm":0,"hd":false,"mn":"ADBE Vector Shape - Ellipse","nm":"Ellipse Path 1","d":1,"p":{"a":0,"k":[0,0],"ix":3},"s":{"a":1,"k":[{"o":{"x":0.167,"y":0},"i":{"x":0.667,"y":1},"s":[50,50],"t":20},{"s":[400,400],"t":80}],"ix":2}},{"ty":"st","bm":0,"hd":false,"mn":"ADBE Vector Graphic - Stroke","nm":"Stroke 1","lc":1,"lj":1,"ml":4,"o":{"a":1,"k":[{"o":{"x":0.167,"y":0},"i":{"x":0.833,"y":1},"s":[0],"t":20},{"o":{"x":0.333,"y":0},"i":{"x":0.667,"y":1},"s":[100],"t":50},{"s":[0],"t":80}],"ix":4},"w":{"a":1,"k":[{"o":{"x":0.167,"y":0},"i":{"x":0.833,"y":1},"s":[0],"t":20},{"o":{"x":0.333,"y":0},"i":{"x":0.667,"y":1},"s":[3],"t":50},{"s":[0],"t":80}],"ix":5},"c":{"a":0,"k":[0.3608,0.3451,0.3451],"ix":3}},{"ty":"tr","a":{"a":0,"k":[0,0],"ix":1},"s":{"a":0,"k":[100,100],"ix":3},"sk":{"a":0,"k":0,"ix":4},"p":{"a":0,"k":[0,0],"ix":2},"r":{"a":0,"k":0,"ix":6},"sa":{"a":0,"k":0,"ix":5},"o":{"a":0,"k":100,"ix":7}}]}],"ind":5},{"ty":4,"nm":"Shape Layer 13","sr":1,"st":10,"op":71,"ip":10,"hd":false,"ddd":0,"bm":0,"hasMask":false,"ao":0,"ks":{"a":{"a":0,"k":[0,0,0],"ix":1},"s":{"a":0,"k":[100,100,100],"ix":6},"sk":{"a":0,"k":0},"p":{"a":0,"k":[200.063,200,0],"ix":2},"r":{"a":0,"k":0,"ix":10},"sa":{"a":0,"k":0},"o":{"a":0,"k":80,"ix":11}},"ef":[],"shapes":[{"ty":"gr","bm":0,"hd":false,"mn":"ADBE Vector Group","nm":"Ellipse 1","ix":1,"cix":2,"np":2,"it":[{"ty":"el","bm":0,"hd":false,"mn":"ADBE Vector Shape - Ellipse","nm":"Ellipse Path 1","d":1,"p":{"a":0,"k":[0,0],"ix":3},"s":{"a":1,"k":[{"o":{"x":0.167,"y":0},"i":{"x":0.667,"y":1},"s":[50,50],"t":10},{"s":[400,400],"t":70}],"ix":2}},{"ty":"st","bm":0,"hd":false,"mn":"ADBE Vector Graphic - Stroke","nm":"Stroke 1","lc":1,"lj":1,"ml":4,"o":{"a":1,"k":[{"o":{"x":0.167,"y":0},"i":{"x":0.833,"y":1},"s":[0],"t":10},{"o":{"x":0.333,"y":0},"i":{"x":0.667,"y":1},"s":[100],"t":40},{"s":[0],"t":70}],"ix":4},"w":{"a":1,"k":[{"o":{"x":0.167,"y":0},"i":{"x":0.833,"y":1},"s":[0],"t":10},{"o":{"x":0.333,"y":0},"i":{"x":0.667,"y":1},"s":[3],"t":40},{"s":[0],"t":70}],"ix":5},"c":{"a":0,"k":[0.3608,0.3451,0.3451],"ix":3}},{"ty":"tr","a":{"a":0,"k":[0,0],"ix":1},"s":{"a":0,"k":[100,100],"ix":3},"sk":{"a":0,"k":0,"ix":4},"p":{"a":0,"k":[0,0],"ix":2},"r":{"a":0,"k":0,"ix":6},"sa":{"a":0,"k":0,"ix":5},"o":{"a":0,"k":100,"ix":7}}]}],"ind":6},{"ty":4,"nm":"Shape Layer 12","sr":1,"st":0,"op":61,"ip":0,"hd":false,"ddd":0,"bm":0,"hasMask":false,"ao":0,"ks":{"a":{"a":0,"k":[0,0,0],"ix":1},"s":{"a":0,"k":[100,100,100],"ix":6},"sk":{"a":0,"k":0},"p":{"a":0,"k":[200.063,200,0],"ix":2},"r":{"a":0,"k":0,"ix":10},"sa":{"a":0,"k":0},"o":{"a":0,"k":80,"ix":11}},"ef":[],"shapes":[{"ty":"gr","bm":0,"hd":false,"mn":"ADBE Vector Group","nm":"Ellipse 1","ix":1,"cix":2,"np":2,"it":[{"ty":"el","bm":0,"hd":false,"mn":"ADBE Vector Shape - Ellipse","nm":"Ellipse Path 1","d":1,"p":{"a":0,"k":[0,0],"ix":3},"s":{"a":1,"k":[{"o":{"x":0.167,"y":0},"i":{"x":0.667,"y":1},"s":[50,50],"t":0},{"s":[400,400],"t":60}],"ix":2}},{"ty":"st","bm":0,"hd":false,"mn":"ADBE Vector Graphic - Stroke","nm":"Stroke 1","lc":1,"lj":1,"ml":4,"o":{"a":1,"k":[{"o":{"x":0.167,"y":0},"i":{"x":0.833,"y":1},"s":[0],"t":0},{"o":{"x":0.333,"y":0},"i":{"x":0.667,"y":1},"s":[100],"t":30},{"s":[0],"t":60}],"ix":4},"w":{"a":1,"k":[{"o":{"x":0.167,"y":0},"i":{"x":0.833,"y":1},"s":[0],"t":0},{"o":{"x":0.333,"y":0},"i":{"x":0.667,"y":1},"s":[3],"t":30},{"s":[0],"t":60}],"ix":5},"c":{"a":0,"k":[0.3608,0.3451,0.3451],"ix":3}},{"ty":"tr","a":{"a":0,"k":[0,0],"ix":1},"s":{"a":0,"k":[100,100],"ix":3},"sk":{"a":0,"k":0,"ix":4},"p":{"a":0,"k":[0,0],"ix":2},"r":{"a":0,"k":0,"ix":6},"sa":{"a":0,"k":0,"ix":5},"o":{"a":0,"k":100,"ix":7}}]}],"ind":7},{"ty":4,"nm":"Shape Layer 11","sr":1,"st":-10,"op":51,"ip":-10,"hd":false,"ddd":0,"bm":0,"hasMask":false,"ao":0,"ks":{"a":{"a":0,"k":[0,0,0],"ix":1},"s":{"a":0,"k":[100,100,100],"ix":6},"sk":{"a":0,"k":0},"p":{"a":0,"k":[200.063,200,0],"ix":2},"r":{"a":0,"k":0,"ix":10},"sa":{"a":0,"k":0},"o":{"a":0,"k":80,"ix":11}},"ef":[],"shapes":[{"ty":"gr","bm":0,"hd":false,"mn":"ADBE Vector Group","nm":"Ellipse 1","ix":1,"cix":2,"np":2,"it":[{"ty":"el","bm":0,"hd":false,"mn":"ADBE Vector Shape - Ellipse","nm":"Ellipse Path 1","d":1,"p":{"a":0,"k":[0,0],"ix":3},"s":{"a":1,"k":[{"o":{"x":0.167,"y":0},"i":{"x":0.667,"y":1},"s":[50,50],"t":-10},{"s":[400,400],"t":50}],"ix":2}},{"ty":"st","bm":0,"hd":false,"mn":"ADBE Vector Graphic - Stroke","nm":"Stroke 1","lc":1,"lj":1,"ml":4,"o":{"a":1,"k":[{"o":{"x":0.167,"y":0},"i":{"x":0.833,"y":1},"s":[0],"t":-10},{"o":{"x":0.333,"y":0},"i":{"x":0.667,"y":1},"s":[100],"t":20},{"s":[0],"t":50}],"ix":4},"w":{"a":1,"k":[{"o":{"x":0.167,"y":0},"i":{"x":0.833,"y":1},"s":[0],"t":-10},{"o":{"x":0.333,"y":0},"i":{"x":0.667,"y":1},"s":[3],"t":20},{"s":[0],"t":50}],"ix":5},"c":{"a":0,"k":[0.3608,0.3451,0.3451],"ix":3}},{"ty":"tr","a":{"a":0,"k":[0,0],"ix":1},"s":{"a":0,"k":[100,100],"ix":3},"sk":{"a":0,"k":0,"ix":4},"p":{"a":0,"k":[0,0],"ix":2},"r":{"a":0,"k":0,"ix":6},"sa":{"a":0,"k":0,"ix":5},"o":{"a":0,"k":100,"ix":7}}]}],"ind":8},{"ty":4,"nm":"Shape Layer 10","sr":1,"st":-20,"op":41,"ip":-20,"hd":false,"ddd":0,"bm":0,"hasMask":false,"ao":0,"ks":{"a":{"a":0,"k":[0,0,0],"ix":1},"s":{"a":0,"k":[100,100,100],"ix":6},"sk":{"a":0,"k":0},"p":{"a":0,"k":[200.063,200,0],"ix":2},"r":{"a":0,"k":0,"ix":10},"sa":{"a":0,"k":0},"o":{"a":0,"k":80,"ix":11}},"ef":[],"shapes":[{"ty":"gr","bm":0,"hd":false,"mn":"ADBE Vector Group","nm":"Ellipse 1","ix":1,"cix":2,"np":2,"it":[{"ty":"el","bm":0,"hd":false,"mn":"ADBE Vector Shape - Ellipse","nm":"Ellipse Path 1","d":1,"p":{"a":0,"k":[0,0],"ix":3},"s":{"a":1,"k":[{"o":{"x":0.167,"y":0},"i":{"x":0.667,"y":1},"s":[50,50],"t":-20},{"s":[400,400],"t":40}],"ix":2}},{"ty":"st","bm":0,"hd":false,"mn":"ADBE Vector Graphic - Stroke","nm":"Stroke 1","lc":1,"lj":1,"ml":4,"o":{"a":1,"k":[{"o":{"x":0.167,"y":0},"i":{"x":0.833,"y":1},"s":[0],"t":-20},{"o":{"x":0.333,"y":0},"i":{"x":0.667,"y":1},"s":[100],"t":10},{"s":[0],"t":40}],"ix":4},"w":{"a":1,"k":[{"o":{"x":0.167,"y":0},"i":{"x":0.833,"y":1},"s":[0],"t":-20},{"o":{"x":0.333,"y":0},"i":{"x":0.667,"y":1},"s":[3],"t":10},{"s":[0],"t":40}],"ix":5},"c":{"a":0,"k":[0.3608,0.3451,0.3451],"ix":3}},{"ty":"tr","a":{"a":0,"k":[0,0],"ix":1},"s":{"a":0,"k":[100,100],"ix":3},"sk":{"a":0,"k":0,"ix":4},"p":{"a":0,"k":[0,0],"ix":2},"r":{"a":0,"k":0,"ix":6},"sa":{"a":0,"k":0,"ix":5},"o":{"a":0,"k":100,"ix":7}}]}],"ind":9},{"ty":4,"nm":"Shape Layer 9","sr":1,"st":-30,"op":31,"ip":-30,"hd":false,"ddd":0,"bm":0,"hasMask":false,"ao":0,"ks":{"a":{"a":0,"k":[0,0,0],"ix":1},"s":{"a":0,"k":[100,100,100],"ix":6},"sk":{"a":0,"k":0},"p":{"a":0,"k":[200.063,200,0],"ix":2},"r":{"a":0,"k":0,"ix":10},"sa":{"a":0,"k":0},"o":{"a":0,"k":80,"ix":11}},"ef":[],"shapes":[{"ty":"gr","bm":0,"hd":false,"mn":"ADBE Vector Group","nm":"Ellipse 1","ix":1,"cix":2,"np":2,"it":[{"ty":"el","bm":0,"hd":false,"mn":"ADBE Vector Shape - Ellipse","nm":"Ellipse Path 1","d":1,"p":{"a":0,"k":[0,0],"ix":3},"s":{"a":1,"k":[{"o":{"x":0.167,"y":0},"i":{"x":0.667,"y":1},"s":[50,50],"t":-30},{"s":[400,400],"t":30}],"ix":2}},{"ty":"st","bm":0,"hd":false,"mn":"ADBE Vector Graphic - Stroke","nm":"Stroke 1","lc":1,"lj":1,"ml":4,"o":{"a":1,"k":[{"o":{"x":0.167,"y":0},"i":{"x":0.833,"y":1},"s":[0],"t":-30},{"o":{"x":0.333,"y":0},"i":{"x":0.667,"y":1},"s":[100],"t":0},{"s":[0],"t":30}],"ix":4},"w":{"a":1,"k":[{"o":{"x":0.167,"y":0},"i":{"x":0.833,"y":1},"s":[0],"t":-30},{"o":{"x":0.333,"y":0},"i":{"x":0.667,"y":1},"s":[3],"t":0},{"s":[0],"t":30}],"ix":5},"c":{"a":0,"k":[0.3608,0.3451,0.3451],"ix":3}},{"ty":"tr","a":{"a":0,"k":[0,0],"ix":1},"s":{"a":0,"k":[100,100],"ix":3},"sk":{"a":0,"k":0,"ix":4},"p":{"a":0,"k":[0,0],"ix":2},"r":{"a":0,"k":0,"ix":6},"sa":{"a":0,"k":0,"ix":5},"o":{"a":0,"k":100,"ix":7}}]}],"ind":10},{"ty":4,"nm":"Shape Layer 8","sr":1,"st":-40,"op":21,"ip":-40,"hd":false,"ddd":0,"bm":0,"hasMask":false,"ao":0,"ks":{"a":{"a":0,"k":[0,0,0],"ix":1},"s":{"a":0,"k":[100,100,100],"ix":6},"sk":{"a":0,"k":0},"p":{"a":0,"k":[200.063,200,0],"ix":2},"r":{"a":0,"k":0,"ix":10},"sa":{"a":0,"k":0},"o":{"a":0,"k":80,"ix":11}},"ef":[],"shapes":[{"ty":"gr","bm":0,"hd":false,"mn":"ADBE Vector Group","nm":"Ellipse 1","ix":1,"cix":2,"np":2,"it":[{"ty":"el","bm":0,"hd":false,"mn":"ADBE Vector Shape - Ellipse","nm":"Ellipse Path 1","d":1,"p":{"a":0,"k":[0,0],"ix":3},"s":{"a":1,"k":[{"o":{"x":0.167,"y":0},"i":{"x":0.667,"y":1},"s":[50,50],"t":-40},{"s":[400,400],"t":20}],"ix":2}},{"ty":"st","bm":0,"hd":false,"mn":"ADBE Vector Graphic - Stroke","nm":"Stroke 1","lc":1,"lj":1,"ml":4,"o":{"a":1,"k":[{"o":{"x":0.167,"y":0},"i":{"x":0.833,"y":1},"s":[0],"t":-40},{"o":{"x":0.333,"y":0},"i":{"x":0.667,"y":1},"s":[100],"t":-10},{"s":[0],"t":20}],"ix":4},"w":{"a":1,"k":[{"o":{"x":0.167,"y":0},"i":{"x":0.833,"y":1},"s":[0],"t":-40},{"o":{"x":0.333,"y":0},"i":{"x":0.667,"y":1},"s":[3],"t":-10},{"s":[0],"t":20}],"ix":5},"c":{"a":0,"k":[0.3608,0.3451,0.3451],"ix":3}},{"ty":"tr","a":{"a":0,"k":[0,0],"ix":1},"s":{"a":0,"k":[100,100],"ix":3},"sk":{"a":0,"k":0,"ix":4},"p":{"a":0,"k":[0,0],"ix":2},"r":{"a":0,"k":0,"ix":6},"sa":{"a":0,"k":0,"ix":5},"o":{"a":0,"k":100,"ix":7}}]}],"ind":11},{"ty":4,"nm":"Shape Layer 2","sr":1,"st":-50,"op":11,"ip":-50,"hd":false,"ddd":0,"bm":0,"hasMask":false,"ao":0,"ks":{"a":{"a":0,"k":[0,0,0],"ix":1},"s":{"a":0,"k":[100,100,100],"ix":6},"sk":{"a":0,"k":0},"p":{"a":0,"k":[200.063,200,0],"ix":2},"r":{"a":0,"k":0,"ix":10},"sa":{"a":0,"k":0},"o":{"a":0,"k":80,"ix":11}},"ef":[],"shapes":[{"ty":"gr","bm":0,"hd":false,"mn":"ADBE Vector Group","nm":"Ellipse 1","ix":1,"cix":2,"np":2,"it":[{"ty":"el","bm":0,"hd":false,"mn":"ADBE Vector Shape - Ellipse","nm":"Ellipse Path 1","d":1,"p":{"a":0,"k":[0,0],"ix":3},"s":{"a":1,"k":[{"o":{"x":0.167,"y":0},"i":{"x":0.667,"y":1},"s":[50,50],"t":-50},{"s":[400,400],"t":10}],"ix":2}},{"ty":"st","bm":0,"hd":false,"mn":"ADBE Vector Graphic - Stroke","nm":"Stroke 1","lc":1,"lj":1,"ml":4,"o":{"a":1,"k":[{"o":{"x":0.167,"y":0},"i":{"x":0.833,"y":1},"s":[0],"t":-50},{"o":{"x":0.333,"y":0},"i":{"x":0.667,"y":1},"s":[100],"t":-20},{"s":[0],"t":10}],"ix":4},"w":{"a":1,"k":[{"o":{"x":0.167,"y":0},"i":{"x":0.833,"y":1},"s":[0],"t":-50},{"o":{"x":0.333,"y":0},"i":{"x":0.667,"y":1},"s":[3],"t":-20},{"s":[0],"t":10}],"ix":5},"c":{"a":0,"k":[0.3608,0.3451,0.3451],"ix":3}},{"ty":"tr","a":{"a":0,"k":[0,0],"ix":1},"s":{"a":0,"k":[100,100],"ix":3},"sk":{"a":0,"k":0,"ix":4},"p":{"a":0,"k":[0,0],"ix":2},"r":{"a":0,"k":0,"ix":6},"sa":{"a":0,"k":0,"ix":5},"o":{"a":0,"k":100,"ix":7}}]}],"ind":12},{"ty":4,"nm":"Shape Layer 1","sr":1,"st":0,"op":600,"ip":0,"hd":false,"ddd":0,"bm":0,"hasMask":false,"ao":0,"ks":{"a":{"a":0,"k":[-3.25,-7.5,0],"ix":1},"s":{"a":0,"k":[100,100,100],"ix":6},"sk":{"a":0,"k":0},"p":{"a":1,"k":[{"o":{"x":0.333,"y":0},"i":{"x":0.667,"y":0.426},"s":[200,190,0],"t":0,"ti":[0,-5.523,0],"to":[5.523,0,0]},{"o":{"x":0.333,"y":0.305},"i":{"x":0.667,"y":0.653},"s":[210,200,0],"t":19.581,"ti":[5.523,0,0],"to":[0,5.523,0]},{"o":{"x":0.333,"y":0.347},"i":{"x":0.667,"y":0.695},"s":[200,210,0],"t":30,"ti":[0,5.523,0],"to":[-5.523,0,0]},{"o":{"x":0.333,"y":0.574},"i":{"x":0.667,"y":1},"s":[190,200,0],"t":40.419,"ti":[-5.523,0,0],"to":[0,-5.523,0]},{"s":[200,190,0],"t":60}],"ix":2},"r":{"a":0,"k":0,"ix":10},"sa":{"a":0,"k":0},"o":{"a":0,"k":100,"ix":11}},"ef":[],"shapes":[{"ty":"gr","bm":0,"hd":false,"mn":"ADBE Vector Group","nm":"Ellipse 2","ix":1,"cix":2,"np":3,"it":[{"ty":"el","bm":0,"hd":false,"mn":"ADBE Vector Shape - Ellipse","nm":"Ellipse Path 1","d":1,"p":{"a":0,"k":[0,0],"ix":3},"s":{"a":0,"k":[29,29],"ix":2}},{"ty":"st","bm":0,"hd":false,"mn":"ADBE Vector Graphic - Stroke","nm":"Stroke 1","lc":2,"lj":1,"ml":4,"o":{"a":0,"k":100,"ix":4},"w":{"a":0,"k":3,"ix":5},"c":{"a":0,"k":[0.2941,0.2902,0.2902],"ix":3}},{"ty":"tr","a":{"a":0,"k":[0,0],"ix":1},"s":{"a":0,"k":[100,100],"ix":3},"sk":{"a":0,"k":0,"ix":4},"p":{"a":0,"k":[-3.25,-7.5],"ix":2},"r":{"a":0,"k":0,"ix":6},"sa":{"a":0,"k":0,"ix":5},"o":{"a":0,"k":100,"ix":7}}]},{"ty":"gr","bm":0,"hd":false,"mn":"ADBE Vector Group","nm":"Ellipse 1","ix":2,"cix":2,"np":3,"it":[{"ty":"sh","bm":0,"hd":false,"mn":"ADBE Vector Shape - Group","nm":"Path 1","ix":1,"d":1,"ks":{"a":0,"k":{"c":false,"i":[[0,0],[0,0]],"o":[[0,0],[0,0]],"v":[[9.75,10.5],[21.25,22.5]]},"ix":2}},{"ty":"st","bm":0,"hd":false,"mn":"ADBE Vector Graphic - Stroke","nm":"Stroke 1","lc":2,"lj":1,"ml":4,"o":{"a":0,"k":100,"ix":4},"w":{"a":0,"k":3,"ix":5},"c":{"a":0,"k":[0.2941,0.2902,0.2902],"ix":3}},{"ty":"tr","a":{"a":0,"k":[0,0],"ix":1},"s":{"a":0,"k":[100,100],"ix":3},"sk":{"a":0,"k":0,"ix":4},"p":{"a":0,"k":[-3.25,-7.5],"ix":2},"r":{"a":0,"k":0,"ix":6},"sa":{"a":0,"k":0,"ix":5},"o":{"a":0,"k":100,"ix":7}}]}],"ind":13}],"v":"5.4.4","fr":30,"op":61,"ip":0,"assets":[]}