{"v":"5.4.4","fr":29.9700012207031,"ip":0,"op":90.0000036657751,"w":2500,"h":2500,"nm":"loading","ddd":0,"assets":[],"layers":[{"ddd":0,"ind":2,"ty":4,"nm":"loading Outlines","sr":1,"ks":{"o":{"a":0,"k":100,"ix":11},"r":{"a":1,"k":[{"i":{"x":[0.252],"y":[0.575]},"o":{"x":[0.739],"y":[0.193]},"t":0,"s":[0],"e":[900]},{"t":90.0000036657751}],"ix":10},"p":{"a":0,"k":[1250,1250,0],"ix":2},"a":{"a":0,"k":[929.144,1017.095,0],"ix":1},"s":{"a":0,"k":[100,100,100],"ix":6}},"ao":0,"shapes":[{"ty":"gr","it":[{"ind":0,"ty":"sh","ix":1,"ks":{"a":0,"k":{"i":[[0.002,-0.005],[50.198,28.968],[-28.968,50.197],[-50.199,-28.968],[-0.013,-0.008],[28.968,-50.178]],"o":[[-28.968,50.197],[-50.198,-28.968],[28.969,-50.199],[0.012,0.008],[50.179,28.967],[-0.002,0.004]],"v":[[90.888,52.453],[-52.455,90.891],[-90.895,-52.45],[52.449,-90.891],[52.488,-90.867],[90.895,52.44]],"c":true},"ix":2},"nm":"Path 1","mn":"ADBE Vector Shape - Group","hd":false},{"ty":"fl","c":{"a":0,"k":[0.144999994016,0.486000001197,0.709999952129,1],"ix":4},"o":{"a":0,"k":100,"ix":5},"r":1,"bm":0,"nm":"Fill 1","mn":"ADBE Vector Graphic - Fill","hd":false},{"ty":"tr","p":{"a":0,"k":[929.112,1017.108],"ix":2},"a":{"a":0,"k":[0,0],"ix":1},"s":{"a":1,"k":[{"i":{"x":[0.297,0.297],"y":[1,1]},"o":{"x":[0.76,0.76],"y":[0,0]},"t":0,"s":[0,0],"e":[100,100]},{"i":{"x":[0.297,0.297],"y":[1,1]},"o":{"x":[0.333,0.333],"y":[0,0]},"t":8,"s":[100,100],"e":[100,100]},{"i":{"x":[0.24,0.24],"y":[1,1]},"o":{"x":[0.703,0.703],"y":[0,0]},"t":67,"s":[100,100],"e":[0,0]},{"t":75.0000030548126}],"ix":3},"r":{"a":0,"k":0,"ix":6},"o":{"a":0,"k":100,"ix":7},"sk":{"a":0,"k":0,"ix":4},"sa":{"a":0,"k":0,"ix":5},"nm":"Transform"}],"nm":"Core","np":2,"cix":2,"bm":0,"ix":1,"mn":"ADBE Vector Group","hd":false},{"ty":"gr","it":[{"ty":"gr","it":[{"ty":"gr","it":[{"ind":0,"ty":"sh","ix":1,"ks":{"a":0,"k":{"i":[[0,0],[0,0],[0,0],[57.271,93.894],[69.449,-0.015],[-0.153,-110.043],[-59.287,-36.111]],"o":[[0,0],[0,0],[93.893,-57.271],[-36.164,-59.29],[-110.043,0.153],[0.096,69.418],[0,0]],"v":[[-70.729,428.617],[42.852,428.617],[89.642,-59.452],[155.953,-333.16],[-14.099,-428.602],[-213.072,-229.076],[-117.469,-59.182]],"c":true},"ix":2},"nm":"Path 1","mn":"ADBE Vector Shape - Group","hd":false},{"ind":1,"ty":"sh","ix":2,"ks":{"a":0,"k":{"i":[[-59.135,0.01],[0.038,-76.856],[55.574,-19.651],[0,0],[0,0],[0,0],[0,0],[0,0],[0,0],[0,0],[-25.368,72.543]],"o":[[76.856,0.039],[-0.03,58.947],[0,0],[0,0],[0,0],[0,0],[0,0],[0,0],[0,0],[-72.542,-25.368],[19.521,-55.821]],"v":[[-14.099,-368.602],[124.991,-229.372],[32.222,-98.242],[8.591,240.228],[3.081,319.228],[0.331,368.588],[-28.139,368.588],[-30.889,319.158],[-36.399,240.158],[-60.009,-98.102],[-145.425,-275.387]],"c":true},"ix":2},"nm":"Path 2","mn":"ADBE Vector Shape - Group","hd":false},{"ty":"mm","mm":1,"nm":"Merge Paths 1","mn":"ADBE Vector Filter - Merge","hd":false},{"ty":"fl","c":{"a":0,"k":[1,1,1,1],"ix":4},"o":{"a":0,"k":100,"ix":5},"r":1,"bm":0,"nm":"Fill 1","mn":"ADBE Vector Graphic - Fill","hd":false},{"ty":"tr","p":{"a":0,"k":[943.258,589.003],"ix":2},"a":{"a":0,"k":[0,0],"ix":1},"s":{"a":0,"k":[100,100],"ix":3},"r":{"a":0,"k":0,"ix":6},"o":{"a":0,"k":100,"ix":7},"sk":{"a":0,"k":0,"ix":4},"sa":{"a":0,"k":0,"ix":5},"nm":"Transform"}],"nm":"Group 2","np":4,"cix":2,"bm":0,"ix":1,"mn":"ADBE Vector Group","hd":false},{"ty":"gr","it":[{"ind":0,"ty":"sh","ix":1,"ks":{"a":0,"k":{"i":[[0,0],[0,0],[0,0],[0,0],[13.109,13.18],[-65.93,65.94],[-66.007,-66.093],[66.093,-66.007],[16.472,-8.15],[0,0],[0,0],[0,0]],"o":[[0,0],[0,0],[0,0],[-16.684,-8.197],[-65.93,-65.94],[66.092,-66.006],[66.006,66.093],[-13.004,12.986],[0,0],[0,0],[0,0],[0,0]],"v":[[-42.501,406.843],[-46.821,329.293],[-52.311,250.513],[-74.631,-69.377],[-119.631,-101.667],[-119.631,-340.847],[119.555,-340.69],[119.398,-101.504],[74.889,-69.587],[47.039,329.413],[42.769,406.853],[-42.501,406.853]],"c":true},"ix":2},"nm":"Path 1","mn":"ADBE Vector Shape - Group","hd":false},{"ty":"fl","c":{"a":0,"k":[0.144999994016,0.486000001197,0.709999952129,1],"ix":4},"o":{"a":0,"k":100,"ix":5},"r":1,"bm":0,"nm":"Fill 1","mn":"ADBE Vector Graphic - Fill","hd":false},{"ty":"tr","p":{"a":0,"k":[929.231,580.787],"ix":2},"a":{"a":0,"k":[0,0],"ix":1},"s":{"a":0,"k":[100,100],"ix":3},"r":{"a":0,"k":0,"ix":6},"o":{"a":0,"k":100,"ix":7},"sk":{"a":0,"k":0,"ix":4},"sa":{"a":0,"k":0,"ix":5},"nm":"Transform"}],"nm":"Group 3","np":2,"cix":2,"bm":0,"ix":2,"mn":"ADBE Vector Group","hd":false},{"ty":"gr","it":[{"ind":0,"ty":"sh","ix":1,"ks":{"a":0,"k":{"i":[[28.759,28.804],[0,96.52],[-197.68,0],[0,-197.68],[124,-58.93],[17.005,36.342],[-35.826,17.293],[-0.24,82.28],[118.07,0.25],[0.25,-118.08],[-75.17,-35.78],[17.218,-36.238],[36.238,17.217]],"o":[[-66.38,-66.38],[0.43,-198.18],[198.18,0.43],[-0.411,138.08],[-36.342,17.005],[-16.859,-36.033],[73.8,-35.06],[0,-117.52],[-117.58,0],[0,83.13],[36.238,17.218],[-17.217,36.239],[-36.761,-17.473]],"v":[[-253.47,263.181],[-359.28,8.951],[0,-350.329],[359.28,8.951],[154.47,333.121],[57.877,298.108],[92.1,201.891],[213.98,8.731],[-0.16,-205.039],[-213.99,9.101],[-92.11,201.881],[-57.67,298.671],[-154.46,333.111]],"c":true},"ix":2},"nm":"Path 1","mn":"ADBE Vector Shape - Group","hd":false},{"ty":"fl","c":{"a":0,"k":[0.149000010771,0.725,0.944999964097,1],"ix":4},"o":{"a":0,"k":100,"ix":5},"r":1,"bm":0,"nm":"Fill 1","mn":"ADBE Vector Graphic - Fill","hd":false},{"ty":"tr","p":{"a":0,"k":[928.15,350.328],"ix":2},"a":{"a":0,"k":[0,0],"ix":1},"s":{"a":0,"k":[100,100],"ix":3},"r":{"a":0,"k":0,"ix":6},"o":{"a":0,"k":100,"ix":7},"sk":{"a":0,"k":0,"ix":4},"sa":{"a":0,"k":0,"ix":5},"nm":"Transform"}],"nm":"Group 11","np":4,"cix":2,"bm":0,"ix":3,"mn":"ADBE Vector Group","hd":false},{"ty":"tr","p":{"a":0,"k":[928.705,964.705],"ix":2},"a":{"a":0,"k":[926.705,962.705],"ix":1},"s":{"a":1,"k":[{"i":{"x":[0.245,0.245],"y":[1,1]},"o":{"x":[0.761,0.761],"y":[0,0]},"t":12,"s":[0,0],"e":[100,100]},{"i":{"x":[0.334,0.334],"y":[1,1]},"o":{"x":[0.782,0.782],"y":[0,0]},"t":42,"s":[100,100],"e":[0,0]},{"t":72.0000029326201}],"ix":3},"r":{"a":0,"k":0,"ix":6},"o":{"a":0,"k":100,"ix":7},"sk":{"a":0,"k":0,"ix":4},"sa":{"a":0,"k":0,"ix":5},"nm":"Transform"}],"nm":"top","np":3,"cix":2,"bm":0,"ix":1,"mn":"ADBE Vector Group","hd":false},{"ty":"gr","it":[{"ty":"gr","it":[{"ind":0,"ty":"sh","ix":1,"ks":{"a":0,"k":{"i":[[0,0],[0,0],[0,0],[-109.95,2.642],[-34.713,60.163],[95.386,54.861],[60.894,-33.271]],"o":[[0,0],[0,0],[2.642,109.951],[69.439,-1.668],[54.861,-95.385],[-60.152,-34.596],[0,0]],"v":[[-356.055,-289.925],[-412.855,-191.567],[-13.576,92.984],[190.29,287.284],[357.995,187.724],[284.618,-84.321],[89.755,-86.455]],"c":true},"ix":2},"nm":"Path 1","mn":"ADBE Vector Shape - Group","hd":false},{"ind":1,"ty":"sh","ix":2,"ks":{"a":0,"k":{"i":[[0,0],[66.54,38.461],[-10.768,57.953],[0,0],[0,0],[0,0],[0,0],[0,0],[0,0],[0,0],[0,0],[-50.128,-58.251],[29.538,-51.206]],"o":[[-38.461,66.54],[-51.033,-29.498],[0,0],[0,0],[0,0],[0,0],[0,0],[0,0],[0,0],[0,0],[58.251,-50.128],[38.559,44.806],[0,0]],"v":[[306.035,157.724],[115.912,208.566],[48.734,62.665],[-232.567,-127.036],[-298.276,-171.335],[-339.646,-198.395],[-332.436,-210.885],[-325.436,-223.055],[-281.245,-200.715],[-210.076,-165.995],[94.755,-17.286],[290.992,-2.578],[306.054,157.714]],"c":false},"ix":2},"nm":"Path 2","mn":"ADBE Vector Shape - Group","hd":false},{"ty":"mm","mm":1,"nm":"Merge Paths 1","mn":"ADBE Vector Filter - Merge","hd":false},{"ty":"fl","c":{"a":0,"k":[1,1,1,1],"ix":4},"o":{"a":0,"k":100,"ix":5},"r":1,"bm":0,"nm":"Fill 1","mn":"ADBE Vector Graphic - Fill","hd":false},{"ty":"tr","p":{"a":0,"k":[1321.246,1262.456],"ix":2},"a":{"a":0,"k":[0,0],"ix":1},"s":{"a":0,"k":[100,100],"ix":3},"r":{"a":0,"k":0,"ix":6},"o":{"a":0,"k":100,"ix":7},"sk":{"a":0,"k":0,"ix":4},"sa":{"a":0,"k":0,"ix":5},"nm":"Transform"}],"nm":"Group 4","np":4,"cix":2,"bm":0,"ix":1,"mn":"ADBE Vector Group","hd":false},{"ty":"gr","it":[{"ind":0,"ty":"sh","ix":1,"ks":{"a":0,"k":{"i":[[0,0],[0,0],[0,0],[0,0],[-17.98,4.776],[-24.13,-90.059],[90.244,-24.104],[24.105,90.244],[-1.165,18.302],[0,0],[0,0],[0,0]],"o":[[0,0],[0,0],[0,0],[15.448,-10.365],[90.069,-24.12],[24.103,90.245],[-90.244,24.104],[-4.732,-17.718],[0,0],[0,0],[0,0],[0,0]],"v":[[-333.797,-269.065],[-264.477,-234.065],[-193.477,-199.425],[94.714,-58.805],[145.204,-81.675],[352.334,37.914],[232.576,244.961],[25.53,125.204],[20.143,70.815],[-311.437,-152.786],[-376.437,-195.255],[-355.036,-232.325]],"c":true},"ix":2},"nm":"Path 1","mn":"ADBE Vector Shape - Group","hd":false},{"ty":"fl","c":{"a":0,"k":[0.144999994016,0.486000001197,0.709999952129,1],"ix":4},"o":{"a":0,"k":100,"ix":5},"r":1,"bm":0,"nm":"Fill 1","mn":"ADBE Vector Graphic - Fill","hd":false},{"ty":"tr","p":{"a":0,"k":[1317.857,1268.885],"ix":2},"a":{"a":0,"k":[0,0],"ix":1},"s":{"a":0,"k":[100,100],"ix":3},"r":{"a":0,"k":0,"ix":6},"o":{"a":0,"k":100,"ix":7},"sk":{"a":0,"k":0,"ix":4},"sa":{"a":0,"k":0,"ix":5},"nm":"Transform"}],"nm":"Group 5","np":2,"cix":2,"bm":0,"ix":2,"mn":"ADBE Vector Group","hd":false},{"ty":"gr","it":[{"ind":0,"ty":"sh","ix":1,"ks":{"a":0,"k":{"i":[[-39.323,10.505],[-83.58,-48.26],[98.84,-171.19],[171.19,98.83],[-10.971,136.85],[-40.021,-2.859],[2.86,-40.022],[0.037,-0.417],[-71.13,-41.35],[-59.2,102.13],[102.131,59.25],[68.53,-47.23],[22.774,33.029],[-33.029,22.773]],"o":[[90.671,-24.3],[171.41,99.46],[-99.46,171.41],[-119.38,-69.401],[2.859,-40.021],[40.022,2.86],[-0.03,0.418],[-6.529,81.44],[101.779,58.77],[58.789,-101.83],[-72,-41.57],[-33.029,22.774],[-22.773,-33.029],[33.509,-23.105]],"v":[[-88.51,-340.7],[184.56,-305.22],[316.07,185.56],[-174.71,317.071],[-353.039,-22.38],[-275.397,-89.668],[-208.109,-12.024],[-208.21,-10.77],[-101.869,191.36],[190.331,112.79],[111.79,-179.46],[-116.1,-170.3],[-217.14,-188.87],[-198.57,-289.91]],"c":true},"ix":2},"nm":"Path 1","mn":"ADBE Vector Shape - Group","hd":false},{"ty":"fl","c":{"a":0,"k":[0.149000010771,0.725,0.944999964097,1],"ix":4},"o":{"a":0,"k":100,"ix":5},"r":1,"bm":0,"nm":"Fill 1","mn":"ADBE Vector Graphic - Fill","hd":false},{"ty":"tr","p":{"a":0,"k":[1501.4,1344.41],"ix":2},"a":{"a":0,"k":[0,0],"ix":1},"s":{"a":0,"k":[100,100],"ix":3},"r":{"a":0,"k":0,"ix":6},"o":{"a":0,"k":100,"ix":7},"sk":{"a":0,"k":0,"ix":4},"sa":{"a":0,"k":0,"ix":5},"nm":"Transform"}],"nm":"Group 9","np":4,"cix":2,"bm":0,"ix":3,"mn":"ADBE Vector Group","hd":false},{"ty":"tr","p":{"a":0,"k":[928.705,964.705],"ix":2},"a":{"a":0,"k":[932.705,1034.705],"ix":1},"s":{"a":1,"k":[{"i":{"x":[0.245,0.245],"y":[1,1]},"o":{"x":[0.761,0.761],"y":[0,0]},"t":16,"s":[0,0],"e":[100,100]},{"i":{"x":[0.334,0.334],"y":[1,1]},"o":{"x":[0.782,0.782],"y":[0,0]},"t":46,"s":[100,100],"e":[0,0]},{"t":76.0000030955435}],"ix":3},"r":{"a":0,"k":0,"ix":6},"o":{"a":0,"k":100,"ix":7},"sk":{"a":0,"k":0,"ix":4},"sa":{"a":0,"k":0,"ix":5},"nm":"Transform"}],"nm":"bottom right","np":3,"cix":2,"bm":0,"ix":2,"mn":"ADBE Vector Group","hd":false},{"ty":"gr","it":[{"ty":"gr","it":[{"ind":0,"ty":"sh","ix":1,"ks":{"a":0,"k":{"i":[[0,0],[0,0],[0,0],[52.691,-96.539],[-34.755,-60.148],[-95.227,55.136],[-1.618,69.42]],"o":[[0,0],[0,0],[-96.539,-52.691],[-33.281,60.977],[55.136,95.228],[60.093,-34.793],[0,0]],"v":[[403.172,-204.464],[346.392,-302.834],[-99.688,-99.323],[-369.892,-19.93],[-367.518,175.106],[-95.262,247.698],[4.092,79.916]],"c":true},"ix":2},"nm":"Path 1","mn":"ADBE Vector Shape - Group","hd":false},{"ind":1,"ty":"sh","ix":2,"ks":{"a":0,"k":{"i":[[29.576,51.22],[-66.563,38.421],[-44.821,-38.354],[0,0],[0,0],[0,0],[0,0],[0,0],[0,0],[0,0],[0,0],[75.507,-14.309]],"o":[[-38.421,-66.563],[51.09,-29.489],[0,0],[0,0],[0,0],[0,0],[0,0],[0,0],[0,0],[0,0],[14.308,75.507],[-58.111,11.012]],"v":[[-315.557,145.106],[-264.601,-44.985],[-104.558,-30.193],[200.382,-178.964],[271.602,-213.714],[315.722,-236.014],[322.932,-223.524],[329.932,-211.354],[288.502,-184.264],[222.842,-139.994],[-58.338,49.616],[-169.148,212.241]],"c":true},"ix":2},"nm":"Path 2","mn":"ADBE Vector Shape - Group","hd":false},{"ty":"mm","mm":1,"nm":"Merge Paths 1","mn":"ADBE Vector Filter - Merge","hd":false},{"ty":"fl","c":{"a":0,"k":[1,1,1,1],"ix":4},"o":{"a":0,"k":100,"ix":5},"r":1,"bm":0,"nm":"Fill 1","mn":"ADBE Vector Graphic - Fill","hd":false},{"ty":"tr","p":{"a":0,"k":[554.278,1270.604],"ix":2},"a":{"a":0,"k":[0,0],"ix":1},"s":{"a":0,"k":[100,100],"ix":3},"r":{"a":0,"k":0,"ix":6},"o":{"a":0,"k":100,"ix":7},"sk":{"a":0,"k":0,"ix":4},"sa":{"a":0,"k":0,"ix":5},"nm":"Transform"}],"nm":"Group 6","np":4,"cix":2,"bm":0,"ix":1,"mn":"ADBE Vector Group","hd":false},{"ty":"gr","it":[{"ind":0,"ty":"sh","ix":1,"ks":{"a":0,"k":{"i":[[0,0],[0,0],[0,0],[0,0],[4.856,-17.955],[90.07,24.13],[-24.251,90.205],[-90.205,-24.252],[-15.27,-10.164],[0,0],[0,0],[0,0]],"o":[[0,0],[0,0],[0,0],[1.248,18.558],[-24.14,90.07],[-90.205,-24.251],[24.252,-90.205],[17.715,4.762],[0,0],[0,0],[0,0],[0,0]],"v":[[376.315,-195.48],[311.315,-152.97],[245.835,-108.82],[-20.065,70.45],[-25.515,125.6],[-232.645,245.19],[-352.064,37.949],[-144.822,-81.47],[-95.015,-58.93],[264.455,-234.32],[333.705,-269.32],[355.105,-232.25]],"c":true},"ix":2},"nm":"Path 1","mn":"ADBE Vector Shape - Group","hd":false},{"ty":"fl","c":{"a":0,"k":[0.144999994016,0.486000001197,0.709999952129,1],"ix":4},"o":{"a":0,"k":100,"ix":5},"r":1,"bm":0,"nm":"Fill 1","mn":"ADBE Vector Graphic - Fill","hd":false},{"ty":"tr","p":{"a":0,"k":[548.065,1264.32],"ix":2},"a":{"a":0,"k":[0,0],"ix":1},"s":{"a":0,"k":[100,100],"ix":3},"r":{"a":0,"k":0,"ix":6},"o":{"a":0,"k":100,"ix":7},"sk":{"a":0,"k":0,"ix":4},"sa":{"a":0,"k":0,"ix":5},"nm":"Transform"}],"nm":"Group 7","np":2,"cix":2,"bm":0,"ix":2,"mn":"ADBE Vector Group","hd":false},{"ty":"gr","it":[{"ind":0,"ty":"sh","ix":1,"ks":{"a":0,"k":{"i":[[10.551,-39.32],[83.59,-48.26],[98.78,171.199],[-171.2,98.79],[-113.03,-77.93],[22.202,-33.414],[33.413,22.203],[0.683,0.489],[71.37,-40.9],[-58.82,-102.34],[-102.37,58.821],[6.65,82.939],[-39.991,3.208],[-3.209,-39.991]],"o":[[-24.3,90.67],[-171.84,98.72],[-98.72,-171.841],[119.79,-68.68],[33.413,22.203],[-22.203,33.413],[-0.701,-0.466],[-67.27,-46.38],[-101.78,58.76],[58.79,101.83],[72,-41.559],[-3.209,-39.991],[39.991,-3.209],[3.245,40.582]],"v":[[345.793,101.125],[178.533,319.875],[-312.247,188.365],[-180.737,-302.365],[202.403,-287.075],[222.702,-186.372],[121.999,-166.073],[119.923,-167.505],[-108.297,-176.505],[-186.357,115.835],[106.013,193.944],[212.013,-7.995],[278.613,-86.215],[356.833,-19.615]],"c":true},"ix":2},"nm":"Path 1","mn":"ADBE Vector Shape - Group","hd":false},{"ty":"fl","c":{"a":0,"k":[0.149000010771,0.725,0.944999964097,1],"ix":4},"o":{"a":0,"k":100,"ix":5},"r":1,"bm":0,"nm":"Fill 1","mn":"ADBE Vector Graphic - Fill","hd":false},{"ty":"tr","p":{"a":0,"k":[360.078,1338.365],"ix":2},"a":{"a":0,"k":[0,0],"ix":1},"s":{"a":0,"k":[100,100],"ix":3},"r":{"a":0,"k":0,"ix":6},"o":{"a":0,"k":100,"ix":7},"sk":{"a":0,"k":0,"ix":4},"sa":{"a":0,"k":0,"ix":5},"nm":"Transform"}],"nm":"Group 10","np":4,"cix":2,"bm":0,"ix":3,"mn":"ADBE Vector Group","hd":false},{"ty":"tr","p":{"a":0,"k":[928.705,964.705],"ix":2},"a":{"a":0,"k":[932.703,1006.705],"ix":1},"s":{"a":1,"k":[{"i":{"x":[0.245,0.245],"y":[1,1]},"o":{"x":[0.761,0.761],"y":[0,0]},"t":21,"s":[0,0],"e":[100,100]},{"i":{"x":[0.334,0.334],"y":[1,1]},"o":{"x":[0.782,0.782],"y":[0,0]},"t":51,"s":[100,100],"e":[0,0]},{"t":81.0000032991976}],"ix":3},"r":{"a":0,"k":0,"ix":6},"o":{"a":0,"k":100,"ix":7},"sk":{"a":0,"k":0,"ix":4},"sa":{"a":0,"k":0,"ix":5},"nm":"Transform"}],"nm":"bottom left","np":3,"cix":2,"bm":0,"ix":3,"mn":"ADBE Vector Group","hd":false},{"ty":"tr","p":{"a":0,"k":[928.704,881.705],"ix":2},"a":{"a":0,"k":[931.704,820.705],"ix":1},"s":{"a":0,"k":[100,100],"ix":3},"r":{"a":0,"k":0,"ix":6},"o":{"a":0,"k":100,"ix":7},"sk":{"a":0,"k":0,"ix":4},"sa":{"a":0,"k":0,"ix":5},"nm":"Transform"}],"nm":"Branches","np":3,"cix":2,"bm":0,"ix":2,"mn":"ADBE Vector Group","hd":false},{"ty":"gr","it":[{"ind":0,"ty":"sh","ix":1,"ks":{"a":0,"k":{"i":[[0,0],[-77.083,-44.501],[44.501,-77.083],[77.083,44.497],[-44.499,77.078],[-0.003,0.006]],"o":[[44.501,-77.082],[77.083,44.501],[-44.5,77.081],[-77.078,-44.499],[0.003,-0.005],[0,0]],"v":[[-139.58,-80.57],[80.567,-139.564],[139.562,80.582],[-80.58,139.58],[-139.569,-80.553],[-139.56,-80.57]],"c":true},"ix":2},"nm":"Path 1","mn":"ADBE Vector Shape - Group","hd":false},{"ind":1,"ty":"sh","ix":2,"ks":{"a":0,"k":{"i":[[-74.75,129.471],[129.46,74.76],[74.76,-129.46],[-129.46,-74.75]],"o":[[74.75,-129.46],[-129.46,-74.76],[-74.76,129.46],[129.46,74.75]],"v":[[234.42,135.35],[135.35,-234.41],[-234.41,-135.33],[-135.33,234.42]],"c":true},"ix":2},"nm":"Path 2","mn":"ADBE Vector Shape - Group","hd":false},{"ty":"mm","mm":1,"nm":"Merge Paths 1","mn":"ADBE Vector Filter - Merge","hd":false},{"ty":"fl","c":{"a":0,"k":[0.219999994016,0.722000002394,0.922000002394,1],"ix":4},"o":{"a":0,"k":100,"ix":5},"r":1,"bm":0,"nm":"Fill 1","mn":"ADBE Vector Graphic - Fill","hd":false},{"ty":"tr","p":{"a":0,"k":[929.112,1017.108],"ix":2},"a":{"a":0,"k":[0,0],"ix":1},"s":{"a":1,"k":[{"i":{"x":[0.297,0.297],"y":[1,1]},"o":{"x":[0.76,0.76],"y":[0,0]},"t":8,"s":[0,0],"e":[100,100]},{"i":{"x":[0.297,0.297],"y":[1,1]},"o":{"x":[0.333,0.333],"y":[0,0]},"t":16,"s":[100,100],"e":[100,100]},{"i":{"x":[0.24,0.24],"y":[1,1]},"o":{"x":[0.703,0.703],"y":[0,0]},"t":75,"s":[100,100],"e":[0,0]},{"t":83.0000033806593}],"ix":3},"r":{"a":0,"k":0,"ix":6},"o":{"a":0,"k":100,"ix":7},"sk":{"a":0,"k":0,"ix":4},"sa":{"a":0,"k":0,"ix":5},"nm":"Transform"}],"nm":"Outer core","np":4,"cix":2,"bm":0,"ix":3,"mn":"ADBE Vector Group","hd":false}],"ip":0,"op":900.000036657751,"st":0,"bm":0}],"markers":[]}