{
  "listCareer": [
    {
      "code": "01",
      "careerId": "CJ1.24",
      "careerName": "Cảnh sát",
      "position": [
        {
          "careerId": null,
          "positionName": "Khác",
          "positionId": "CJ1.24.1"
        }
      ]
    },
    {
      "code": "02",
      "careerId": "CJ1.24",
      "careerName": "Công nhân",
      "position": [
        {
          "careerId": null,
          "positionName": "Khác",
          "positionId": "CJ1.24.1"
        }
      ]
    },
    {
      "code": "03",
      "careerId": "CJ1.11",
      "careerName": "Cửa hàng bán lẻ",
      "position": [
        {
          "careerId": null,
          "positionName": "Khác",
          "positionId": "CJ1.11.7"
        }
      ]
    },
    {
      "code": "04",
      "careerId": "CJ1.05",
      "careerName": "Giáo viên",
      "position": [
        {
          "careerId": null,
          "positionName": "Khác",
          "positionId": "CJ1.05.8"
        }
      ]
    },
    {
      "code": "05",
      "careerId": "CJ1.24",
      "careerName": "Giúp việc",
      "position": [
        {
          "careerId": null,
          "positionName": "Khác",
          "positionId": "CJ1.24.1"
        }
      ]
    },
    {
      "code": "06",
      "careerId": "CJ1.09",
      "careerName": "Kỹ sư",
      "position": [
        {
          "careerId": null,
          "positionName": "Kỹ sư",
          "positionId": "CJ1.09.1"
        },
        {
          "careerId": null,
          "positionName": "Khác",
          "positionId": "CJ1.24.1"
        }
      ]
    },
    {
      "code": "07",
      "careerId": "CJ1.24",
      "careerName": "Kỹ thuật viên",
      "position": [
        {
          "careerId": null,
          "positionName": "Khác",
          "positionId": "CJ1.24.1"
        }
      ]
    },
    {
      "code": "08",
      "careerId": "CJ1.24",
      "careerName": "Luật sư",
      "position": [
        {
          "careerId": null,
          "positionName": "Khác",
          "positionId": "CJ1.24.1"
        }
      ]
    },
    {
      "code": "09",
      "careerId": "CJ1.24",
      "careerName": "Môi giới",
      "position": [
        {
          "careerId": null,
          "positionName": "Khác",
          "positionId": "CJ1.24.1"
        }
      ]
    },
    {
      "code": "10",
      "careerId": "CJ1.24",
      "careerName": "Nghệ sĩ",
      "position": [
        {
          "careerId": null,
          "positionName": "Khác",
          "positionId": "CJ1.24.1"
        }
      ]
    },
    {
      "code": "11",
      "careerId": "CJ1.11",
      "careerName": "Nhân viên kinh doanh",
      "position": [
        {
          "careerId": null,
          "positionName": "Nhân viên kinh doanh",
          "positionId": "CJ1.11.2"
        },
        {
          "careerId": null,
          "positionName": "Khác",
          "positionId": "CJ1.24.1"
        }
      ]
    },
    {
      "code": "12",
      "careerId": "CJ1.24",
      "careerName": "Nhân viên phục vụ",
      "position": [
        {
          "careerId": null,
          "positionName": "Khác",
          "positionId": "CJ1.24.1"
        }
      ]
    },
    {
      "code": "13",
      "careerId": "CJ1.24",
      "careerName": "Nhân viên văn phòng",
      "position": [
        {
          "careerId": null,
          "positionName": "Khác",
          "positionId": "CJ1.24.1"
        }
      ]
    },
    {
      "code": "14",
      "careerId": "CJ1.15",
      "careerName": "Nông dân",
      "position": [
        {
          "careerId": null,
          "positionName": "Khác",
          "positionId": "CJ1.15.7"
        }
      ]
    },
    {
      "code": "15",
      "careerId": "CJ1.15",
      "careerName": "Nông dân làm thuê",
      "position": [
        {
          "careerId": null,
          "positionName": "Khác",
          "positionId": "CJ1.15.7"
        }
      ]
    },
    {
      "code": "16",
      "careerId": "CJ1.24",
      "careerName": "Quân đội",
      "position": [
        {
          "careerId": null,
          "positionName": "Khác",
          "positionId": "CJ1.24.1"
        }
      ]
    },
    {
      "code": "17",
      "careerId": "CJ1.24",
      "careerName": "Quản lý",
      "position": [
        {
          "careerId": null,
          "positionName": "Khác",
          "positionId": "CJ1.24.1"
        }
      ]
    },
    {
      "code": "18",
      "careerId": "CJ1.24",
      "careerName": "Tài xế",
      "position": [
        {
          "careerId": null,
          "positionName": "Khác",
          "positionId": "CJ1.24.1"
        }
      ]
    },
    {
      "code": "19",
      "careerId": "CJ1.24",
      "careerName": "Thất nghiệp",
      "position": [
        {
          "careerId": null,
          "positionName": "Khác",
          "positionId": "CJ1.24.1"
        }
      ]
    },
    {
      "code": "20",
      "careerId": "CJ1.24",
      "careerName": "Về hưu",
      "position": [
        {
          "careerId": null,
          "positionName": "Khác",
          "positionId": "CJ1.24.1"
        }
      ]
    },
    {
      "code": "21",
      "careerId": "CJ1.23",
      "careerName": "Y tế",
      "position": [
        {
          "careerId": null,
          "positionName": "Khác",
          "positionId": "CJ1.23.5"
        }
      ]
    },
    {
      "code": "22",
      "careerId": "CJ1.23",
      "careerName": "Bác sĩ",
      "position": [
        {
          "careerId": null,
          "positionName": "Bác sĩ",
          "positionId": "CJ1.23.1"
        },
        {
          "careerId": null,
          "positionName": "Khác",
          "positionId": "CJ1.24.1"
        }
      ]
    },
    {
      "code": "23",
      "careerId": "CJ1.11",
      "careerName": "Buôn bán nhỏ lẻ",
      "position": [
        {
          "careerId": null,
          "positionName": "Khác",
          "positionId": "CJ1.11.7"
        }
      ]
    },
    {
      "code": "24",
      "careerId": "CJ1.24",
      "careerName": "Học việc",
      "position": [
        {
          "careerId": null,
          "positionName": "Khác",
          "positionId": "CJ1.24.1"
        }
      ]
    },
    {
      "code": "25",
      "careerId": "CJ1.24",
      "careerName": "Thử việc",
      "position": [
        {
          "careerId": null,
          "positionName": "Khác",
          "positionId": "CJ1.24.1"
        }
      ]
    },
    {
      "code": "26",
      "careerId": "CJ1.11",
      "careerName": "Buôn bán lẻ trong chợ",
      "position": [
        {
          "careerId": null,
          "positionName": "Khác",
          "positionId": "CJ1.11.7"
        }
      ]
    },
    {
      "code": "27",
      "careerId": "CJ1.14",
      "careerName": "Nội trợ",
      "position": [
        {
          "careerId": null,
          "positionName": "Cá nhân không sản xuất kinh doanh",
          "positionId": "CJ1.14.1"
        },
        {
          "careerId": null,
          "positionName": "Khác",
          "positionId": "CJ1.24.1"
        }
      ]
    },
    {
      "code": "28",
      "careerId": "CJ1.24",
      "careerName": "Sinh viên",
      "position": [
        {
          "careerId": null,
          "positionName": "Khác",
          "positionId": "CJ1.24.1"
        }
      ]
    }
  ]
}
